{
  "format_version": "1.12.0",
  "minecraft:geometry": [
    {
      "description": {
        "identifier": "geometry.ma_blender",
        "texture_width": 64,
        "texture_height": 64,
        "visible_bounds_width": 2,
        "visible_bounds_height": 2.5,
        "visible_bounds_offset": [
          0,
          0.75,
          0
        ]
      },
      "bones": [
        {
          "name": "bone",
          "pivot": [
            0,
            0,
            0
          ],
          "cubes": [
            {
              "origin": [
                -3.0,
                0.0,
                -2.0
              ],
              "size": [
                5.0,
                2.5,
                5.0
              ],
              "uv": [
                0,
                17
              ],
              "inflate": 0
            },
            {
              "origin": [
                -2.5,
                2.5,
                -1.5
              ],
              "size": [
                4.0,
                2.5,
                4.0
              ],
              "uv": [
                21,
                9
              ],
              "inflate": 0
            },
            {
              "origin": [
                -3.0,
                5.0,
                -1.5
              ],
              "size": [
                5.0,
                1.0,
                5.0
              ],
              "uv": [
                15,
                19
              ],
              "inflate": 0
            },
            {
              "origin": [
                -2.5,
                6.0,
                3.5
              ],
              "size": [
                5.0,
                6.0,
                1.0
              ],
              "uv": [
                24,
                25
              ],
              "inflate": 0
            },
            {
              "origin": [
                -3.0,
                6.0,
                -3.0
              ],
              "size": [
                5.0,
                6.0,
                1.0
              ],
              "uv": [
                24,
                0
              ],
              "inflate": 0
            },
            {
              "origin": [
                -4.0,
                6.0,
                -2.0
              ],
              "size": [
                1.0,
                6.0,
                5.0
              ],
              "uv": [
                12,
                25
              ],
              "inflate": 0
            },
            {
              "origin": [
                2.0,
                6.0,
                -2.0
              ],
              "size": [
                1.0,
                6.0,
                5.0
              ],
              "uv": [
                0,
                24
              ],
              "inflate": 0
            },
            {
              "origin": [
                -4.5,
                12.0,
                -3.5
              ],
              "size": [
                8.0,
                1.0,
                8.0
              ],
              "uv": [
                0,
                0
              ],
              "inflate": 0
            },
            {
              "origin": [
                -4.0,
                13.0,
                -3.0
              ],
              "size": [
                7.0,
                1.0,
                7.0
              ],
              "uv": [
                0,
                9
              ],
              "inflate": 0
            },
            {
              "origin": [
                -5.0,
                10.0,
                0.0
              ],
              "size": [
                1.0,
                1.0,
                1.0
              ],
              "uv": [
                0,
                4
              ],
              "inflate": 0
            },
            {
              "origin": [
                -5.0,
                7.0,
                0.0
              ],
              "size": [
                1.0,
                1.0,
                1.0
              ],
              "uv": [
                3,
                3
              ],
              "inflate": 0
            },
            {
              "origin": [
                -6.0,
                7.5,
                0.0
              ],
              "size": [
                1.0,
                3.0,
                1.0
              ],
              "uv": [
                0,
                0
              ],
              "inflate": 0
            }
          ]
        }
      ]
    }
  ]
}