{
  "format_version": "1.12.0",
  "minecraft:geometry": [
    {
      "description": {
        "identifier": "geometry.ma_counter_birch",
        "texture_width": 128,
        "texture_height": 128,
        "visible_bounds_width": 3,
        "visible_bounds_height": 2.5,
        "visible_bounds_offset": [
          0,
          0.75,
          0
        ]
      },
      "bones": [
        {
          "name": "bone",
          "pivot": [
            0,
            0,
            0
          ],
          "cubes": [
            {
              "origin": [
                -8.0,
                0.0,
                -8.0
              ],
              "size": [
                16.0,
                11.5,
                16.0
              ],
              "uv": [
                0,
                0
              ],
              "inflate": 0
            },
            {
              "origin": [
                -8.0,
                11.5,
                -8.0
              ],
              "size": [
                16.0,
                4.5,
                17.0
              ],
              "uv": [
                0,
                27
              ],
              "inflate": 0
            }
          ]
        }
      ]
    }
  ]
}