{
  "format_version": "1.12.0",
  "minecraft:geometry": [
    {
      "description": {
        "identifier": "geometry.ma_couch",
        "texture_width": 128,
        "texture_height": 128,
        "visible_bounds_width": 5,
        "visible_bounds_height": 3,
        "visible_bounds_offset": [
          0,
          0.5,
          0
        ]
      },
      "bones": [
        {
          "name": "bone",
          "pivot": [
            0,
            0,
            0
          ],
          "cubes": [
            {
              "origin": [
                7.0,
                0.0,
                6.0
              ],
              "size": [
                3.0,
                12.0,
                3.0
              ],
              "uv": [
                0,
                0
              ],
              "inflate": 0
            },
            {
              "origin": [
                -26.5,
                0.0,
                6.0
              ],
              "size": [
                3.0,
                12.0,
                2.5
              ],
              "uv": [
                0,
                18
              ],
              "inflate": 0
            },
            {
              "origin": [
                -25.5,
                4.0,
                2.0
              ],
              "size": [
                2.0,
                5.0,
                2.0
              ],
              "uv": [
                69,
                63
              ],
              "inflate": 0
            },
            {
              "origin": [
                7.5,
                4.0,
                2.0
              ],
              "size": [
                2.0,
                5.0,
                2.0
              ],
              "uv": [
                69,
                56
              ],
              "inflate": 0
            },
            {
              "origin": [
                -25.5,
                4.0,
                -2.5
              ],
              "size": [
                2.0,
                5.0,
                2.0
              ],
              "uv": [
                66,
                41
              ],
              "inflate": 0
            },
            {
              "origin": [
                7.5,
                4.0,
                -2.5
              ],
              "size": [
                2.0,
                5.0,
                2.0
              ],
              "uv": [
                66,
                34
              ],
              "inflate": 0
            },
            {
              "origin": [
                -26.5,
                0.0,
                -8.5
              ],
              "size": [
                3.5,
                14.5,
                3.0
              ],
              "uv": [
                0,
                62
              ],
              "inflate": 0
            },
            {
              "origin": [
                -21.0,
                4.0,
                -8.0
              ],
              "size": [
                2.0,
                7.0,
                2.0
              ],
              "uv": [
                44,
                62
              ],
              "inflate": 0
            },
            {
              "origin": [
                -16.5,
                4.0,
                -8.0
              ],
              "size": [
                2.0,
                7.0,
                2.0
              ],
              "uv": [
                36,
                62
              ],
              "inflate": 0
            },
            {
              "origin": [
                -11.5,
                4.0,
                -8.0
              ],
              "size": [
                2.0,
                7.0,
                2.0
              ],
              "uv": [
                28,
                62
              ],
              "inflate": 0
            },
            {
              "origin": [
                -7.0,
                4.0,
                -8.0
              ],
              "size": [
                2.0,
                7.0,
                2.0
              ],
              "uv": [
                20,
                62
              ],
              "inflate": 0
            },
            {
              "origin": [
                -2.5,
                4.0,
                -8.0
              ],
              "size": [
                2.0,
                7.0,
                2.0
              ],
              "uv": [
                12,
                62
              ],
              "inflate": 0
            },
            {
              "origin": [
                2.5,
                4.0,
                -8.0
              ],
              "size": [
                2.0,
                7.0,
                2.0
              ],
              "uv": [
                0,
                49
              ],
              "inflate": 0
            },
            {
              "origin": [
                7.0,
                0.0,
                -9.0
              ],
              "size": [
                3.0,
                14.5,
                3.0
              ],
              "uv": [
                57,
                59
              ],
              "inflate": 0
            },
            {
              "origin": [
                -25.5,
                2.0,
                -8.0
              ],
              "size": [
                35.0,
                2.0,
                16.5
              ],
              "uv": [
                0,
                0
              ],
              "inflate": 0
            },
            {
              "origin": [
                -24.0,
                4.0,
                -6.0
              ],
              "size": [
                31.5,
                2.0,
                14.0
              ],
              "uv": [
                0,
                18
              ],
              "inflate": 0
            },
            {
              "origin": [
                -23.0,
                11.0,
                -8.5
              ],
              "size": [
                30.0,
                2.0,
                3.0
              ],
              "uv": [
                0,
                44
              ],
              "inflate": 0
            },
            {
              "origin": [
                7.0,
                9.0,
                -6.0
              ],
              "size": [
                3.0,
                1.5,
                12.0
              ],
              "uv": [
                30,
                49
              ],
              "inflate": 0
            },
            {
              "origin": [
                -26.0,
                9.0,
                -6.0
              ],
              "size": [
                3.0,
                1.5,
                12.0
              ],
              "uv": [
                0,
                49
              ],
              "inflate": 0
            },
            {
              "origin": [
                -23.0,
                6.0,
                -5.5
              ],
              "size": [
                30.0,
                7.0,
                3.0
              ],
              "uv": [
                0,
                34
              ],
              "inflate": 0
            },
            {
              "origin": [
                -5.0,
                6.0,
                -1.5
              ],
              "size": [
                8.0,
                6.0,
                3.0
              ],
              "pivot": [
                0.0,
                0.0,
                0.0
              ],
              "rotation": [
                5.0,
                0.0,
                0.0
              ],
              "uv": [
                48,
                49
              ],
              "inflate": 0
            },
            {
              "origin": [
                -19.0,
                6.0,
                -1.5
              ],
              "size": [
                8.0,
                6.0,
                3.0
              ],
              "pivot": [
                0.0,
                0.0,
                0.0
              ],
              "rotation": [
                5.0,
                0.0,
                0.0
              ],
              "uv": [
                18,
                49
              ],
              "inflate": 0
            }
          ]
        }
      ]
    }
  ]
}