{
  "format_version": "1.12.0",
  "minecraft:geometry": [
    {
      "description": {
        "identifier": "geometry.ma_flower",
        "texture_width": 64,
        "texture_height": 64,
        "visible_bounds_width": 2,
        "visible_bounds_height": 2.5,
        "visible_bounds_offset": [
          0,
          0.75,
          0
        ]
      },
      "bones": [
        {
          "name": "bone",
          "pivot": [
            0,
            0,
            0
          ],
          "cubes": [
            {
              "origin": [
                -4.0,
                0.0,
                -3.5
              ],
              "size": [
                8.0,
                1.0,
                8.0
              ],
              "uv": [
                0,
                0
              ],
              "inflate": 0
            },
            {
              "origin": [
                3.0,
                1.0,
                -3.5
              ],
              "size": [
                1.0,
                7.0,
                8.0
              ],
              "uv": [
                0,
                21
              ],
              "inflate": 0
            },
            {
              "origin": [
                -4.0,
                1.0,
                -3.5
              ],
              "size": [
                1.0,
                7.0,
                8.0
              ],
              "uv": [
                18,
                13
              ],
              "inflate": 0
            },
            {
              "origin": [
                -3.0,
                1.0,
                3.5
              ],
              "size": [
                6.0,
                7.0,
                1.0
              ],
              "uv": [
                28,
                9
              ],
              "inflate": 0
            },
            {
              "origin": [
                -3.0,
                1.0,
                -3.5
              ],
              "size": [
                6.0,
                7.0,
                1.0
              ],
              "uv": [
                24,
                0
              ],
              "inflate": 0
            },
            {
              "origin": [
                -3.5,
                1.0,
                -2.5
              ],
              "size": [
                7.0,
                6.0,
                6.0
              ],
              "uv": [
                0,
                9
              ],
              "inflate": 0
            }
          ]
        },
        {
          "name": "Flower",
          "pivot": [
            0,
            0,
            0
          ],
          "cubes": [
            {
              "origin": [
                -3.0,
                7.0,
                0.5
              ],
              "size": [
                6.0,
                7.0,
                0.0
              ],
              "pivot": [
                0.0,
                0.0,
                0.0
              ],
              "rotation": [
                0.0,
                -42.5,
                0.0
              ],
              "uv": [
                30,
                28
              ],
              "inflate": 0
            },
            {
              "origin": [
                0.0,
                7.0,
                -2.5
              ],
              "size": [
                0.0,
                7.0,
                6.0
              ],
              "pivot": [
                0.0,
                0.0,
                0.0
              ],
              "rotation": [
                0.0,
                -50.0,
                0.0
              ],
              "uv": [
                18,
                22
              ],
              "inflate": 0
            }
          ],
          "parent": "bone"
        }
      ]
    }
  ]
}