{
  "format_version": "1.12.0",
  "minecraft:geometry": [
    {
      "description": {
        "identifier": "geometry.ma_oak_drawers",
        "texture_width": 64,
        "texture_height": 64,
        "visible_bounds_width": 3,
        "visible_bounds_height": 2.5,
        "visible_bounds_offset": [
          0,
          0.75,
          0
        ]
      },
      "bones": [
        {
          "name": "bone",
          "pivot": [
            0,
            0,
            0
          ],
          "cubes": [
            {
              "origin": [
                -8.0,
                0.0,
                -8.0
              ],
              "size": [
                16.0,
                16.0,
                15.0
              ],
              "uv": [
                0,
                0
              ],
              "inflate": 0
            },
            {
              "origin": [
                -7.5,
                0.5,
                7.0
              ],
              "size": [
                15.0,
                4.0,
                1.0
              ],
              "uv": [
                0,
                36
              ],
              "inflate": 0
            },
            {
              "origin": [
                -7.5,
                5.5,
                7.0
              ],
              "size": [
                15.0,
                4.0,
                1.0
              ],
              "uv": [
                32,
                31
              ],
              "inflate": 0
            },
            {
              "origin": [
                -7.5,
                10.5,
                7.0
              ],
              "size": [
                15.0,
                4.0,
                1.0
              ],
              "uv": [
                0,
                31
              ],
              "inflate": 0
            },
            {
              "origin": [
                -2.5,
                3.0,
                8.0
              ],
              "size": [
                5.5,
                1.0,
                1.0
              ],
              "uv": [
                0,
                4
              ],
              "inflate": 0
            },
            {
              "origin": [
                -2.5,
                8.0,
                8.0
              ],
              "size": [
                5.5,
                1.0,
                1.0
              ],
              "uv": [
                0,
                2
              ],
              "inflate": 0
            },
            {
              "origin": [
                -2.5,
                13.0,
                8.0
              ],
              "size": [
                5.5,
                1.0,
                1.0
              ],
              "uv": [
                0,
                0
              ],
              "inflate": 0
            }
          ]
        }
      ]
    }
  ]
}