{
  "format_version": "1.12.0",
  "minecraft:geometry": [
    {
      "description": {
        "identifier": "geometry.ma_oven",
        "texture_width": 128,
        "texture_height": 128,
        "visible_bounds_width": 3,
        "visible_bounds_height": 2.5,
        "visible_bounds_offset": [
          0,
          0.75,
          0
        ]
      },
      "bones": [
        {
          "name": "bone",
          "pivot": [
            0,
            0,
            0
          ],
          "cubes": [
            {
              "origin": [
                -8.0,
                0.0,
                -8.0
              ],
              "size": [
                16.0,
                14.0,
                15.0
              ],
              "uv": [
                0,
                0
              ],
              "inflate": 0
            },
            {
              "origin": [
                -8.0,
                14.0,
                -8.0
              ],
              "size": [
                16.0,
                2.0,
                16.0
              ],
              "uv": [
                0,
                29
              ],
              "inflate": 0
            },
            {
              "origin": [
                5.5,
                1.0,
                7.0
              ],
              "size": [
                1.0,
                12.0,
                1.0
              ],
              "uv": [
                4,
                0
              ],
              "inflate": 0
            },
            {
              "origin": [
                -7.0,
                1.0,
                7.0
              ],
              "size": [
                1.0,
                12.0,
                1.0
              ],
              "uv": [
                0,
                0
              ],
              "inflate": 0
            },
            {
              "origin": [
                -6.0,
                2.0,
                6.5
              ],
              "size": [
                12.0,
                9.0,
                1.0
              ],
              "uv": [
                0,
                47
              ],
              "inflate": 0
            },
            {
              "origin": [
                -6.5,
                1.0,
                7.0
              ],
              "size": [
                12.0,
                1.0,
                1.0
              ],
              "uv": [
                47,
                3
              ],
              "inflate": 0
            },
            {
              "origin": [
                -6.5,
                11.0,
                7.0
              ],
              "size": [
                12.0,
                2.0,
                1.0
              ],
              "uv": [
                47,
                0
              ],
              "inflate": 0
            },
            {
              "origin": [
                -5.5,
                11.5,
                8.0
              ],
              "size": [
                10.0,
                1.0,
                1.0
              ],
              "uv": [
                47,
                5
              ],
              "inflate": 0
            },
            {
              "origin": [
                1.5,
                16.0,
                -5.0
              ],
              "size": [
                4.0,
                1.0,
                4.0
              ],
              "uv": [
                47,
                7
              ],
              "inflate": 0
            },
            {
              "origin": [
                1.5,
                16.0,
                1.5
              ],
              "size": [
                4.0,
                1.0,
                4.0
              ],
              "uv": [
                0,
                29
              ],
              "inflate": 0
            },
            {
              "origin": [
                -5.5,
                16.0,
                -5.0
              ],
              "size": [
                4.0,
                1.0,
                4.0
              ],
              "uv": [
                0,
                39
              ],
              "inflate": 0
            },
            {
              "origin": [
                -5.5,
                16.0,
                1.5
              ],
              "size": [
                4.0,
                1.0,
                4.0
              ],
              "uv": [
                0,
                34
              ],
              "inflate": 0
            }
          ]
        }
      ]
    }
  ]
}