{
  "format_version": "1.12.0",
  "minecraft:geometry": [
    {
      "description": {
        "identifier": "geometry.ma_painting",
        "texture_width": 128,
        "texture_height": 128,
        "visible_bounds_width": 4,
        "visible_bounds_height": 2.5,
        "visible_bounds_offset": [
          0,
          0.75,
          0
        ]
      },
      "bones": [
        {
          "name": "bb_main",
          "pivot": [
            0,
            0,
            0
          ],
          "cubes": [
            {
              "origin": [
                -24.0,
                0.0,
                -8.0
              ],
              "size": [
                32.0,
                16.0,
                1.0
              ],
              "uv": [
                0,
                0
              ],
              "inflate": 0
            },
            {
              "origin": [
                7.0,
                0.0,
                -7.0
              ],
              "size": [
                1.0,
                16.0,
                1.0
              ],
              "uv": [
                0,
                35
              ],
              "inflate": 0
            },
            {
              "origin": [
                -24.0,
                0.0,
                -7.0
              ],
              "size": [
                1.0,
                16.0,
                1.0
              ],
              "uv": [
                0,
                35
              ],
              "inflate": 0
            },
            {
              "origin": [
                -23.0,
                0.0,
                -7.0
              ],
              "size": [
                30.0,
                1.0,
                1.0
              ],
              "uv": [
                0,
                33
              ],
              "inflate": 0
            },
            {
              "origin": [
                -23.0,
                15.0,
                -7.0
              ],
              "size": [
                30.0,
                1.0,
                1.0
              ],
              "uv": [
                0,
                33
              ],
              "inflate": 0
            },
            {
              "origin": [
                -23.0,
                0.0,
                -7.0
              ],
              "size": [
                30.0,
                1.0,
                1.0
              ],
              "uv": [
                0,
                33
              ],
              "inflate": 0
            },
            {
              "origin": [
                -23.0,
                0.0,
                -7.5
              ],
              "size": [
                30.0,
                15.0,
                1.0
              ],
              "uv": [
                0,
                17
              ],
              "inflate": 0
            }
          ]
        }
      ]
    }
  ]
}