{
  "format_version": "1.12.0",
  "minecraft:geometry": [
    {
      "description": {
        "identifier": "geometry.ma_pink_bed",
        "texture_width": 128,
        "texture_height": 128,
        "visible_bounds_width": 3,
        "visible_bounds_height": 3,
        "visible_bounds_offset": [
          0,
          0.5,
          0
        ]
      },
      "bones": [
        {
          "name": "bone",
          "pivot": [
            0,
            0,
            0
          ],
          "cubes": [
            {
              "origin": [
                6.0,
                0.0,
                6.0
              ],
              "size": [
                2.0,
                15.0,
                2.0
              ],
              "uv": [
                34,
                66
              ],
              "inflate": 0
            },
            {
              "origin": [
                1.5,
                4.5,
                6.0
              ],
              "size": [
                2.0,
                7.0,
                2.0
              ],
              "uv": [
                0,
                53
              ],
              "inflate": 0
            },
            {
              "origin": [
                1.5,
                4.5,
                -24.0
              ],
              "size": [
                2.0,
                9.0,
                2.0
              ],
              "uv": [
                16,
                20
              ],
              "inflate": 0
            },
            {
              "origin": [
                -3.0,
                4.5,
                6.0
              ],
              "size": [
                2.0,
                7.0,
                2.0
              ],
              "uv": [
                14,
                51
              ],
              "inflate": 0
            },
            {
              "origin": [
                -3.0,
                4.5,
                -24.0
              ],
              "size": [
                2.0,
                9.0,
                2.0
              ],
              "uv": [
                24,
                20
              ],
              "inflate": 0
            },
            {
              "origin": [
                -8.0,
                0.0,
                6.0
              ],
              "size": [
                2.0,
                15.0,
                2.0
              ],
              "uv": [
                16,
                34
              ],
              "inflate": 0
            },
            {
              "origin": [
                -8.0,
                0.0,
                -24.0
              ],
              "size": [
                2.0,
                17.0,
                2.0
              ],
              "uv": [
                8,
                34
              ],
              "inflate": 0
            },
            {
              "origin": [
                6.0,
                0.0,
                -24.0
              ],
              "size": [
                2.0,
                17.0,
                2.0
              ],
              "uv": [
                0,
                34
              ],
              "inflate": 0
            },
            {
              "origin": [
                -8.0,
                2.5,
                -24.0
              ],
              "size": [
                16.0,
                2.0,
                32.0
              ],
              "uv": [
                0,
                0
              ],
              "inflate": 0
            },
            {
              "origin": [
                -6.0,
                11.5,
                6.0
              ],
              "size": [
                12.0,
                2.0,
                2.0
              ],
              "uv": [
                0,
                16
              ],
              "inflate": 0
            },
            {
              "origin": [
                -6.0,
                13.5,
                -24.0
              ],
              "size": [
                12.0,
                2.0,
                2.0
              ],
              "uv": [
                0,
                12
              ],
              "inflate": 0
            },
            {
              "origin": [
                -8.0,
                4.5,
                -22.0
              ],
              "size": [
                16.0,
                4.0,
                28.0
              ],
              "uv": [
                0,
                34
              ],
              "inflate": 0
            },
            {
              "origin": [
                -6.0,
                14.5,
                -14.5
              ],
              "size": [
                12.0,
                8.0,
                4.0
              ],
              "pivot": [
                0.0,
                0.0,
                0.0
              ],
              "rotation": [
                22.5,
                0.0,
                0.0
              ],
              "uv": [
                0,
                0
              ],
              "inflate": 0
            },
            {
              "origin": [
                -8.0,
                8.5,
                -10.0
              ],
              "size": [
                16.0,
                2.0,
                16.0
              ],
              "uv": [
                60,
                34
              ],
              "inflate": 0
            },
            {
              "origin": [
                -8.0,
                8.5,
                -13.0
              ],
              "size": [
                16.0,
                2.0,
                3.0
              ],
              "uv": [
                60,
                52
              ],
              "inflate": 0
            },
            {
              "origin": [
                8.0,
                1.0,
                -10.0
              ],
              "size": [
                1.0,
                8.0,
                16.0
              ],
              "uv": [
                0,
                66
              ],
              "inflate": 0
            },
            {
              "origin": [
                -9.0,
                1.0,
                -10.0
              ],
              "size": [
                1.0,
                8.0,
                16.0
              ],
              "uv": [
                64,
                0
              ],
              "inflate": 0
            },
            {
              "origin": [
                8.0,
                1.0,
                -13.0
              ],
              "size": [
                1.0,
                8.0,
                3.0
              ],
              "uv": [
                8,
                20
              ],
              "inflate": 0
            },
            {
              "origin": [
                -9.0,
                1.0,
                -13.0
              ],
              "size": [
                1.0,
                8.0,
                3.0
              ],
              "uv": [
                0,
                20
              ],
              "inflate": 0
            }
          ]
        }
      ]
    }
  ]
}