{
  "format_version": "1.12.0",
  "minecraft:geometry": [
    {
      "description": {
        "identifier": "geometry.ma_polaroid_photo",
        "texture_width": 16,
        "texture_height": 16,
        "visible_bounds_width": 2,
        "visible_bounds_height": 2.5,
        "visible_bounds_offset": [
          0,
          0.75,
          0
        ]
      },
      "bones": [
        {
          "name": "bone",
          "pivot": [
            0,
            0,
            0
          ],
          "cubes": [
            {
              "origin": [
                3.0,
                4.5,
                -8.0
              ],
              "size": [
                3.0,
                3.0,
                1.0
              ],
              "uv": [
                8,
                11
              ],
              "inflate": 0
            },
            {
              "origin": [
                -1.5,
                4.5,
                -8.0
              ],
              "size": [
                3.0,
                3.0,
                1.0
              ],
              "uv": [
                0,
                10
              ],
              "inflate": 0
            },
            {
              "origin": [
                -6.0,
                4.5,
                -8.0
              ],
              "size": [
                3.0,
                3.0,
                1.0
              ],
              "uv": [
                8,
                0
              ],
              "inflate": 0
            },
            {
              "origin": [
                -6.0,
                9.5,
                -8.0
              ],
              "size": [
                3.0,
                3.0,
                1.0
              ],
              "uv": [
                7,
                7
              ],
              "inflate": 0
            },
            {
              "origin": [
                -1.5,
                9.5,
                -8.0
              ],
              "size": [
                3.0,
                3.0,
                1.0
              ],
              "uv": [
                0,
                4
              ],
              "inflate": 0
            },
            {
              "origin": [
                3.0,
                9.5,
                -8.0
              ],
              "size": [
                3.0,
                3.0,
                1.0
              ],
              "uv": [
                0,
                0
              ],
              "inflate": 0
            }
          ]
        }
      ]
    }
  ]
}