{
  "format_version": "1.12.0",
  "minecraft:geometry": [
    {
      "description": {
        "identifier": "geometry.ma_single_couch",
        "texture_width": 128,
        "texture_height": 128,
        "visible_bounds_width": 3,
        "visible_bounds_height": 2.5,
        "visible_bounds_offset": [
          0,
          0.75,
          0
        ]
      },
      "bones": [
        {
          "name": "bone",
          "pivot": [
            0,
            0,
            0
          ],
          "cubes": [
            {
              "origin": [
                7.0,
                0.0,
                5.0
              ],
              "size": [
                3.0,
                13.0,
                3.0
              ],
              "uv": [
                24,
                50
              ],
              "inflate": 0
            },
            {
              "origin": [
                7.0,
                4.5,
                1.5
              ],
              "size": [
                2.0,
                6.0,
                2.0
              ],
              "uv": [
                36,
                52
              ],
              "inflate": 0
            },
            {
              "origin": [
                -9.0,
                4.5,
                1.5
              ],
              "size": [
                2.0,
                6.0,
                2.0
              ],
              "uv": [
                49,
                18
              ],
              "inflate": 0
            },
            {
              "origin": [
                7.0,
                4.5,
                -3.0
              ],
              "size": [
                2.0,
                6.0,
                2.0
              ],
              "uv": [
                52,
                8
              ],
              "inflate": 0
            },
            {
              "origin": [
                -9.0,
                4.5,
                -3.0
              ],
              "size": [
                2.0,
                6.0,
                2.0
              ],
              "uv": [
                52,
                0
              ],
              "inflate": 0
            },
            {
              "origin": [
                7.0,
                0.0,
                -8.0
              ],
              "size": [
                3.0,
                15.5,
                3.0
              ],
              "uv": [
                12,
                47
              ],
              "inflate": 0
            },
            {
              "origin": [
                -10.0,
                0.0,
                -8.0
              ],
              "size": [
                3.0,
                15.5,
                3.0
              ],
              "uv": [
                0,
                43
              ],
              "inflate": 0
            },
            {
              "origin": [
                -10.0,
                0.0,
                5.0
              ],
              "size": [
                3.0,
                13.0,
                3.0
              ],
              "uv": [
                0,
                0
              ],
              "inflate": 0
            },
            {
              "origin": [
                -9.0,
                2.5,
                -8.0
              ],
              "size": [
                18.0,
                2.0,
                16.0
              ],
              "uv": [
                0,
                0
              ],
              "inflate": 0
            },
            {
              "origin": [
                -7.0,
                4.5,
                -6.0
              ],
              "size": [
                14.0,
                2.5,
                13.0
              ],
              "uv": [
                0,
                18
              ],
              "inflate": 0
            },
            {
              "origin": [
                -5.0,
                4.5,
                -8.0
              ],
              "size": [
                2.0,
                8.0,
                2.0
              ],
              "uv": [
                41,
                18
              ],
              "inflate": 0
            },
            {
              "origin": [
                3.0,
                4.5,
                -8.0
              ],
              "size": [
                2.0,
                8.0,
                2.0
              ],
              "uv": [
                38,
                38
              ],
              "inflate": 0
            },
            {
              "origin": [
                -1.0,
                4.5,
                -8.0
              ],
              "size": [
                2.0,
                8.0,
                2.0
              ],
              "uv": [
                0,
                18
              ],
              "inflate": 0
            },
            {
              "origin": [
                -7.0,
                12.5,
                -8.0
              ],
              "size": [
                14.0,
                2.0,
                3.0
              ],
              "uv": [
                32,
                33
              ],
              "inflate": 0
            },
            {
              "origin": [
                -10.0,
                10.5,
                -5.0
              ],
              "size": [
                3.0,
                2.0,
                10.0
              ],
              "uv": [
                38,
                40
              ],
              "inflate": 0
            },
            {
              "origin": [
                7.0,
                10.5,
                -5.0
              ],
              "size": [
                3.0,
                2.0,
                10.0
              ],
              "uv": [
                22,
                38
              ],
              "inflate": 0
            },
            {
              "origin": [
                -6.5,
                7.0,
                -5.5
              ],
              "size": [
                13.0,
                7.0,
                3.0
              ],
              "uv": [
                0,
                33
              ],
              "inflate": 0
            }
          ]
        }
      ]
    }
  ]
}