{
  "format_version": "1.12.0",
  "minecraft:geometry": [
    {
      "description": {
        "identifier": "geometry.ma_swing",
        "texture_width": 128,
        "texture_height": 128,
        "visible_bounds_width": 5,
        "visible_bounds_height": 4,
        "visible_bounds_offset": [
          0,
          1,
          0
        ]
      },
      "bones": [
        {
          "name": "bone",
          "pivot": [
            0,
            0,
            0
          ],
          "cubes": [
            {
              "origin": [
                -24.0,
                7.0,
                -8.0
              ],
              "size": [
                32.0,
                2.0,
                16.0
              ],
              "uv": [
                0,
                0
              ],
              "inflate": 0
            },
            {
              "origin": [
                10.5,
                -6.0,
                11.0
              ],
              "size": [
                3.0,
                43.0,
                3.0
              ],
              "pivot": [
                0.0,
                0.0,
                0.0
              ],
              "rotation": [
                27.5,
                0.0,
                0.0
              ],
              "uv": [
                0,
                56
              ],
              "inflate": 0
            },
            {
              "origin": [
                -29.0,
                -6.0,
                11.0
              ],
              "size": [
                3.0,
                42.0,
                3.0
              ],
              "pivot": [
                0.0,
                0.0,
                0.0
              ],
              "rotation": [
                27.5,
                0.0,
                0.0
              ],
              "uv": [
                12,
                56
              ],
              "inflate": 0
            },
            {
              "origin": [
                10.5,
                -5.5,
                -14.5
              ],
              "size": [
                3.0,
                41.5,
                3.0
              ],
              "pivot": [
                0.0,
                0.0,
                0.0
              ],
              "rotation": [
                -27.5,
                0.0,
                0.0
              ],
              "uv": [
                36,
                58
              ],
              "inflate": 0
            },
            {
              "origin": [
                -29.0,
                -5.5,
                -14.5
              ],
              "size": [
                3.0,
                41.5,
                3.0
              ],
              "pivot": [
                0.0,
                0.0,
                0.0
              ],
              "rotation": [
                -27.5,
                0.0,
                0.0
              ],
              "uv": [
                24,
                58
              ],
              "inflate": 0
            },
            {
              "origin": [
                -32.0,
                32.5,
                -2.0
              ],
              "size": [
                48.0,
                3.0,
                3.0
              ],
              "uv": [
                0,
                18
              ],
              "inflate": 0
            },
            {
              "origin": [
                5.0,
                7.0,
                -9.0
              ],
              "size": [
                1.0,
                8.0,
                1.0
              ],
              "uv": [
                4,
                0
              ],
              "inflate": 0
            },
            {
              "origin": [
                -21.5,
                7.0,
                -9.0
              ],
              "size": [
                1.0,
                8.0,
                1.0
              ],
              "uv": [
                0,
                0
              ],
              "inflate": 0
            },
            {
              "origin": [
                -23.0,
                8.5,
                -8.0
              ],
              "size": [
                30.0,
                10.0,
                3.0
              ],
              "uv": [
                0,
                24
              ],
              "inflate": 0
            },
            {
              "origin": [
                6.5,
                12.5,
                -8.0
              ],
              "size": [
                3.0,
                2.0,
                17.0
              ],
              "uv": [
                23,
                39
              ],
              "inflate": 0
            },
            {
              "origin": [
                -25.5,
                12.5,
                -8.0
              ],
              "size": [
                3.0,
                2.0,
                17.0
              ],
              "uv": [
                0,
                37
              ],
              "inflate": 0
            },
            {
              "origin": [
                8.0,
                7.5,
                4.5
              ],
              "size": [
                1.0,
                5.0,
                1.0
              ],
              "uv": [
                8,
                6
              ],
              "inflate": 0
            },
            {
              "origin": [
                -25.0,
                7.5,
                4.5
              ],
              "size": [
                1.0,
                5.0,
                1.0
              ],
              "uv": [
                8,
                0
              ],
              "inflate": 0
            },
            {
              "origin": [
                7.5,
                9.5,
                11.5
              ],
              "size": [
                1.0,
                21.0,
                1.0
              ],
              "pivot": [
                0.0,
                0.0,
                0.0
              ],
              "rotation": [
                22.5,
                0.0,
                0.0
              ],
              "uv": [
                52,
                69
              ],
              "inflate": 0
            },
            {
              "origin": [
                -24.0,
                9.5,
                11.5
              ],
              "size": [
                1.0,
                21.0,
                1.0
              ],
              "pivot": [
                0.0,
                0.0,
                0.0
              ],
              "rotation": [
                22.5,
                0.0,
                0.0
              ],
              "uv": [
                48,
                69
              ],
              "inflate": 0
            },
            {
              "origin": [
                7.5,
                12.5,
                -8.5
              ],
              "size": [
                1.0,
                20.0,
                1.0
              ],
              "pivot": [
                0.0,
                0.0,
                0.0
              ],
              "rotation": [
                -12.5,
                0.0,
                0.0
              ],
              "uv": [
                60,
                69
              ],
              "inflate": 0
            },
            {
              "origin": [
                -24.5,
                12.5,
                -8.5
              ],
              "size": [
                1.0,
                20.0,
                1.0
              ],
              "pivot": [
                0.0,
                0.0,
                0.0
              ],
              "rotation": [
                -12.5,
                0.0,
                0.0
              ],
              "uv": [
                56,
                69
              ],
              "inflate": 0
            },
            {
              "origin": [
                -6.0,
                9.0,
                -3.5
              ],
              "size": [
                9.5,
                8.0,
                3.0
              ],
              "pivot": [
                0.0,
                0.0,
                0.0
              ],
              "rotation": [
                7.5,
                0.0,
                0.0
              ],
              "uv": [
                48,
                58
              ],
              "inflate": 0
            },
            {
              "origin": [
                -19.5,
                9.0,
                -3.5
              ],
              "size": [
                9.5,
                8.0,
                3.0
              ],
              "pivot": [
                0.0,
                0.0,
                0.0
              ],
              "rotation": [
                7.5,
                0.0,
                0.0
              ],
              "uv": [
                46,
                37
              ],
              "inflate": 0
            },
            {
              "origin": [
                -11.0,
                9.0,
                -0.5
              ],
              "size": [
                7.0,
                5.0,
                3.0
              ],
              "pivot": [
                0.0,
                0.0,
                0.0
              ],
              "rotation": [
                7.5,
                0.0,
                0.0
              ],
              "uv": [
                46,
                48
              ],
              "inflate": 0
            }
          ]
        }
      ]
    }
  ]
}