{
  "format_version": "1.12.0",
  "minecraft:geometry": [
    {
      "description": {
        "identifier": "geometry.ma_vanity",
        "texture_width": 128,
        "texture_height": 128,
        "visible_bounds_width": 5,
        "visible_bounds_height": 3.5,
        "visible_bounds_offset": [
          0,
          1.25,
          0
        ]
      },
      "bones": [
        {
          "name": "bone",
          "pivot": [
            0,
            0,
            0
          ],
          "cubes": [
            {
              "origin": [
                6.0,
                0.0,
                6.0
              ],
              "size": [
                2.0,
                12.0,
                2.0
              ],
              "uv": [
                8,
                20
              ],
              "inflate": 0
            },
            {
              "origin": [
                -24.0,
                0.0,
                6.0
              ],
              "size": [
                2.0,
                12.0,
                2.0
              ],
              "uv": [
                8,
                0
              ],
              "inflate": 0
            },
            {
              "origin": [
                6.0,
                0.0,
                -8.0
              ],
              "size": [
                2.0,
                12.0,
                2.0
              ],
              "uv": [
                0,
                20
              ],
              "inflate": 0
            },
            {
              "origin": [
                -24.0,
                0.0,
                -8.0
              ],
              "size": [
                2.0,
                12.0,
                2.0
              ],
              "uv": [
                0,
                0
              ],
              "inflate": 0
            },
            {
              "origin": [
                -8.5,
                12.0,
                -8.0
              ],
              "size": [
                16.5,
                4.0,
                16.0
              ],
              "uv": [
                0,
                20
              ],
              "inflate": 0
            },
            {
              "origin": [
                -25.0,
                12.0,
                -8.0
              ],
              "size": [
                16.5,
                4.0,
                16.0
              ],
              "uv": [
                0,
                0
              ],
              "inflate": 0
            },
            {
              "origin": [
                -22.0,
                1.5,
                -8.0
              ],
              "size": [
                13.0,
                10.5,
                15.0
              ],
              "uv": [
                0,
                40
              ],
              "inflate": 0
            },
            {
              "origin": [
                -21.5,
                7.5,
                7.0
              ],
              "size": [
                12.0,
                4.0,
                1.0
              ],
              "uv": [
                48,
                25
              ],
              "inflate": 0
            },
            {
              "origin": [
                -21.5,
                2.5,
                7.0
              ],
              "size": [
                12.0,
                4.0,
                1.0
              ],
              "uv": [
                48,
                20
              ],
              "inflate": 0
            },
            {
              "origin": [
                -6.0,
                17.0,
                -8.0
              ],
              "size": [
                13.0,
                15.0,
                2.0
              ],
              "uv": [
                56,
                40
              ],
              "inflate": 0
            },
            {
              "origin": [
                -7.0,
                16.0,
                -8.0
              ],
              "size": [
                15.0,
                1.0,
                3.0
              ],
              "uv": [
                48,
                4
              ],
              "inflate": 0
            },
            {
              "origin": [
                -7.0,
                32.0,
                -8.0
              ],
              "size": [
                15.0,
                1.0,
                3.0
              ],
              "uv": [
                48,
                0
              ],
              "inflate": 0
            },
            {
              "origin": [
                -7.0,
                17.0,
                -8.0
              ],
              "size": [
                1.0,
                15.0,
                3.0
              ],
              "uv": [
                64,
                61
              ],
              "inflate": 0
            },
            {
              "origin": [
                7.0,
                17.0,
                -8.0
              ],
              "size": [
                1.0,
                15.0,
                3.0
              ],
              "uv": [
                56,
                61
              ],
              "inflate": 0
            },
            {
              "origin": [
                4.5,
                16.0,
                -1.0
              ],
              "size": [
                2.0,
                4.0,
                2.0
              ],
              "uv": [
                0,
                65
              ],
              "inflate": 0
            },
            {
              "origin": [
                5.0,
                20.0,
                -0.5
              ],
              "size": [
                1.0,
                1.0,
                1.0
              ],
              "uv": [
                6,
                0
              ],
              "inflate": 0
            },
            {
              "origin": [
                -6.0,
                16.0,
                -1.5
              ],
              "size": [
                5.0,
                1.0,
                3.0
              ],
              "uv": [
                64,
                34
              ],
              "inflate": 0
            },
            {
              "origin": [
                -6.0,
                1.0,
                -19.5
              ],
              "size": [
                5.0,
                1.0,
                3.0
              ],
              "pivot": [
                0.0,
                0.0,
                0.0
              ],
              "rotation": [
                -80.0,
                0.0,
                0.0
              ],
              "uv": [
                64,
                14
              ],
              "inflate": 0
            },
            {
              "origin": [
                -22.0,
                16.0,
                -7.0
              ],
              "size": [
                10.0,
                1.0,
                5.0
              ],
              "uv": [
                48,
                8
              ],
              "inflate": 0
            },
            {
              "origin": [
                -22.0,
                17.0,
                -7.0
              ],
              "size": [
                10.0,
                3.0,
                1.0
              ],
              "uv": [
                56,
                57
              ],
              "inflate": 0
            },
            {
              "origin": [
                -22.0,
                17.0,
                -3.0
              ],
              "size": [
                10.0,
                3.0,
                1.0
              ],
              "uv": [
                48,
                30
              ],
              "inflate": 0
            },
            {
              "origin": [
                -22.0,
                17.0,
                -6.0
              ],
              "size": [
                1.0,
                3.0,
                3.0
              ],
              "uv": [
                41,
                48
              ],
              "inflate": 0
            },
            {
              "origin": [
                -13.0,
                17.0,
                -6.0
              ],
              "size": [
                1.0,
                3.0,
                3.0
              ],
              "uv": [
                46,
                45
              ],
              "inflate": 0
            },
            {
              "origin": [
                -17.5,
                16.5,
                -6.0
              ],
              "size": [
                1.0,
                5.0,
                3.0
              ],
              "uv": [
                5,
                45
              ],
              "inflate": 0
            },
            {
              "origin": [
                -20.0,
                11.5,
                -6.0
              ],
              "size": [
                1.0,
                5.0,
                3.0
              ],
              "pivot": [
                0.0,
                0.0,
                0.0
              ],
              "rotation": [
                0.0,
                0.0,
                20.0
              ],
              "uv": [
                41,
                40
              ],
              "inflate": 0
            },
            {
              "origin": [
                -16.0,
                17.0,
                -6.0
              ],
              "size": [
                1.0,
                5.0,
                3.0
              ],
              "uv": [
                0,
                40
              ],
              "inflate": 0
            },
            {
              "origin": [
                3.5,
                16.0,
                3.0
              ],
              "size": [
                1.0,
                3.0,
                1.0
              ],
              "uv": [
                8,
                40
              ],
              "inflate": 0
            }
          ]
        }
      ]
    }
  ]
}