{
  "format_version": "1.12.0",
  "minecraft:geometry": [
    {
      "description": {
        "identifier": "geometry.ec_mannequin_stand_oak",
        "texture_width": 32,
        "texture_height": 32,
        "visible_bounds_width": 2,
        "visible_bounds_height": 2.5,
        "visible_bounds_offset": [
          0,
          0.75,
          0
        ]
      },
      "bones": [
        {
          "name": "bb_main",
          "pivot": [
            0,
            0,
            0
          ],
          "cubes": [
            {
              "origin": [
                -1.0,
                2.0,
                -1.0
              ],
              "size": [
                2.0,
                1.0,
                2.0
              ],
              "rotation": [
                0.0,
                0.0,
                0.0
              ],
              "uv": [
                15,
                7
              ],
              "inflate": 0
            },
            {
              "origin": [
                -1.0,
                19.0,
                -1.0
              ],
              "size": [
                2.0,
                1.0,
                2.0
              ],
              "rotation": [
                0.0,
                0.0,
                0.0
              ],
              "uv": [
                15,
                7
              ],
              "inflate": 0
            },
            {
              "origin": [
                -1.0,
                8.0,
                -1.0
              ],
              "size": [
                2.0,
                1.0,
                2.0
              ],
              "rotation": [
                0.0,
                0.0,
                0.0
              ],
              "uv": [
                15,
                7
              ],
              "inflate": 0
            },
            {
              "origin": [
                -0.5,
                3.0,
                -0.5
              ],
              "size": [
                1.0,
                6.0,
                1.0
              ],
              "rotation": [
                0.0,
                0.0,
                0.0
              ],
              "uv": [
                14,
                12
              ],
              "inflate": 0
            },
            {
              "origin": [
                -0.5,
                19.0,
                -0.5
              ],
              "size": [
                1.0,
                3.0,
                1.0
              ],
              "rotation": [
                0.0,
                0.0,
                0.0
              ],
              "uv": [
                0,
                0
              ],
              "inflate": 0
            },
            {
              "origin": [
                -3.5,
                17.0,
                -2.5
              ],
              "size": [
                7.0,
                2.0,
                5.0
              ],
              "rotation": [
                0.0,
                0.0,
                0.0
              ],
              "uv": [
                0,
                0
              ],
              "inflate": 0
            },
            {
              "origin": [
                -3.5,
                9.0,
                -2.5
              ],
              "size": [
                7.0,
                2.0,
                5.0
              ],
              "rotation": [
                0.0,
                0.0,
                0.0
              ],
              "uv": [
                0,
                0
              ],
              "inflate": 0
            },
            {
              "origin": [
                -3.0,
                11.0,
                -1.5
              ],
              "size": [
                6.0,
                2.0,
                3.0
              ],
              "rotation": [
                0.0,
                0.0,
                0.0
              ],
              "uv": [
                0,
                7
              ],
              "inflate": 0
            },
            {
              "origin": [
                -3.0,
                15.0,
                -1.5
              ],
              "size": [
                6.0,
                2.0,
                3.0
              ],
              "rotation": [
                0.0,
                0.0,
                0.0
              ],
              "uv": [
                0,
                7
              ],
              "inflate": 0
            },
            {
              "origin": [
                -2.0,
                13.0,
                -1.5
              ],
              "size": [
                4.0,
                2.0,
                3.0
              ],
              "rotation": [
                0.0,
                0.0,
                0.0
              ],
              "uv": [
                0,
                12
              ],
              "inflate": 0
            },
            {
              "origin": [
                1.5,
                -1.0,
                -0.5
              ],
              "size": [
                1.0,
                3.0,
                1.0
              ],
              "pivot": [
                0.0,
                0.0,
                0.0
              ],
              "rotation": [
                0.0,
                0.0,
                -32.5
              ],
              "uv": [
                0,
                17
              ],
              "inflate": 0
            },
            {
              "origin": [
                -2.5,
                -1.0,
                -0.5
              ],
              "size": [
                1.0,
                3.0,
                1.0
              ],
              "pivot": [
                0.0,
                0.0,
                0.0
              ],
              "rotation": [
                0.0,
                0.0,
                32.5
              ],
              "uv": [
                0,
                17
              ],
              "inflate": 0,
              "mirror": true
            },
            {
              "origin": [
                -2.54023,
                -1.93684,
                -0.5
              ],
              "size": [
                1.0,
                1.0,
                1.0
              ],
              "pivot": [
                0.0,
                0.0,
                0.0
              ],
              "rotation": [
                0.0,
                0.0,
                -147.5
              ],
              "uv": [
                17,
                11
              ],
              "inflate": 0
            },
            {
              "origin": [
                1.54023,
                -1.93684,
                -0.5
              ],
              "size": [
                1.0,
                1.0,
                1.0
              ],
              "pivot": [
                0.0,
                0.0,
                0.0
              ],
              "rotation": [
                0.0,
                0.0,
                147.5
              ],
              "uv": [
                17,
                11
              ],
              "inflate": 0,
              "mirror": true
            },
            {
              "origin": [
                -3.45866,
                0.13377,
                -0.5
              ],
              "size": [
                1.0,
                1.0,
                1.0
              ],
              "pivot": [
                0.0,
                0.0,
                0.0
              ],
              "rotation": [
                0.0,
                0.0,
                167.5
              ],
              "uv": [
                8,
                17
              ],
              "inflate": 0
            },
            {
              "origin": [
                2.45866,
                0.13377,
                -0.5
              ],
              "size": [
                1.0,
                1.0,
                1.0
              ],
              "pivot": [
                0.0,
                0.0,
                0.0
              ],
              "rotation": [
                0.0,
                0.0,
                -167.5
              ],
              "uv": [
                8,
                17
              ],
              "inflate": 0,
              "mirror": true
            },
            {
              "origin": [
                -3.76152,
                1.37104,
                -0.5
              ],
              "size": [
                1.0,
                1.0,
                1.0
              ],
              "pivot": [
                0.0,
                0.0,
                0.0
              ],
              "rotation": [
                0.0,
                0.0,
                145.0
              ],
              "uv": [
                4,
                17
              ],
              "inflate": 0
            },
            {
              "origin": [
                2.76152,
                1.37104,
                -0.5
              ],
              "size": [
                1.0,
                1.0,
                1.0
              ],
              "pivot": [
                0.0,
                0.0,
                0.0
              ],
              "rotation": [
                0.0,
                0.0,
                -145.0
              ],
              "uv": [
                4,
                17
              ],
              "inflate": 0,
              "mirror": true
            }
          ],
          "rotation": [
            0,
            0,
            0
          ],
          "bind_pose_rotation": [
            0,
            0,
            0
          ]
        }
      ]
    }
  ]
}