{
  "format_version": "1.12.0",
  "minecraft:geometry": [
    {
      "description": {
        "identifier": "geometry.ec_modern_rotary_wall_phone",
        "texture_width": 64,
        "texture_height": 64,
        "visible_bounds_width": 2,
        "visible_bounds_height": 3.5,
        "visible_bounds_offset": [
          0,
          1.25,
          0
        ]
      },
      "bones": [
        {
          "name": "bb_main",
          "pivot": [
            0,
            0,
            0
          ],
          "cubes": [
            {
              "origin": [
                -6.0,
                1.0,
                -8.0
              ],
              "size": [
                12.0,
                8.0,
                5.0
              ],
              "rotation": [
                0.0,
                0.0,
                0.0
              ],
              "uv": [
                0,
                19
              ],
              "inflate": 0
            },
            {
              "origin": [
                -5.0,
                9.0,
                -8.0
              ],
              "size": [
                10.0,
                15.0,
                4.0
              ],
              "rotation": [
                0.0,
                0.0,
                0.0
              ],
              "uv": [
                0,
                0
              ],
              "inflate": 0
            },
            {
              "origin": [
                -4.0,
                24.0,
                -7.0
              ],
              "size": [
                8.0,
                3.0,
                1.0
              ],
              "rotation": [
                0.0,
                0.0,
                0.0
              ],
              "uv": [
                24,
                0
              ],
              "inflate": 0
            },
            {
              "origin": [
                5.0,
                21.0,
                -7.0
              ],
              "size": [
                4.0,
                1.0,
                1.0
              ],
              "rotation": [
                0.0,
                0.0,
                0.0
              ],
              "uv": [
                28,
                14
              ],
              "inflate": 0
            },
            {
              "origin": [
                5.0,
                20.0,
                -7.0
              ],
              "size": [
                3.0,
                3.0,
                2.0
              ],
              "rotation": [
                0.0,
                0.0,
                0.0
              ],
              "uv": [
                28,
                9
              ],
              "inflate": 0
            },
            {
              "origin": [
                5.0,
                15.0,
                -7.0
              ],
              "size": [
                3.0,
                3.0,
                2.0
              ],
              "rotation": [
                0.0,
                0.0,
                0.0
              ],
              "uv": [
                28,
                9
              ],
              "inflate": 0
            },
            {
              "origin": [
                5.0,
                10.0,
                -6.0
              ],
              "size": [
                1.0,
                5.0,
                1.0
              ],
              "rotation": [
                0.0,
                0.0,
                0.0
              ],
              "uv": [
                29,
                16
              ],
              "inflate": 0
            },
            {
              "origin": [
                5.0,
                18.0,
                -6.0
              ],
              "size": [
                2.0,
                2.0,
                1.0
              ],
              "rotation": [
                0.0,
                0.0,
                0.0
              ],
              "uv": [
                0,
                32
              ],
              "inflate": 0
            }
          ],
          "rotation": [
            0,
            0,
            0
          ],
          "bind_pose_rotation": [
            0,
            0,
            0
          ]
        }
      ]
    }
  ]
}