{
  "format_version": "1.12.0",
  "minecraft:geometry": [
    {
      "description": {
        "identifier": "geometry.ec_sewing_kit",
        "texture_width": 64,
        "texture_height": 64,
        "visible_bounds_width": 2,
        "visible_bounds_height": 2.5,
        "visible_bounds_offset": [
          0,
          0.75,
          0
        ]
      },
      "bones": [
        {
          "name": "bb_main",
          "pivot": [
            0,
            0,
            0
          ],
          "cubes": [
            {
              "origin": [
                -7.0,
                0.0,
                -4.0
              ],
              "size": [
                14.0,
                1.0,
                10.0
              ],
              "rotation": [
                0.0,
                0.0,
                0.0
              ],
              "uv": [
                0,
                0
              ],
              "inflate": 0
            },
            {
              "origin": [
                6.0,
                1.0,
                -4.0
              ],
              "size": [
                1.0,
                3.0,
                10.0
              ],
              "rotation": [
                0.0,
                0.0,
                0.0
              ],
              "uv": [
                20,
                12
              ],
              "inflate": 0
            },
            {
              "origin": [
                -7.0,
                1.0,
                -4.0
              ],
              "size": [
                1.0,
                3.0,
                10.0
              ],
              "rotation": [
                0.0,
                0.0,
                0.0
              ],
              "uv": [
                20,
                12
              ],
              "inflate": 0,
              "mirror": true
            },
            {
              "origin": [
                -6.0,
                1.0,
                5.0
              ],
              "size": [
                12.0,
                3.0,
                1.0
              ],
              "rotation": [
                0.0,
                0.0,
                0.0
              ],
              "uv": [
                0,
                29
              ],
              "inflate": 0
            },
            {
              "origin": [
                -2.0,
                2.0,
                6.0
              ],
              "size": [
                4.0,
                1.0,
                1.0
              ],
              "rotation": [
                0.0,
                0.0,
                0.0
              ],
              "uv": [
                0,
                8
              ],
              "inflate": 0
            },
            {
              "origin": [
                -2.0,
                1.0,
                -3.0
              ],
              "size": [
                1.0,
                3.0,
                8.0
              ],
              "rotation": [
                0.0,
                0.0,
                0.0
              ],
              "uv": [
                18,
                29
              ],
              "inflate": 0
            },
            {
              "origin": [
                -6.0,
                1.0,
                -4.0
              ],
              "size": [
                12.0,
                3.0,
                1.0
              ],
              "rotation": [
                0.0,
                0.0,
                0.0
              ],
              "uv": [
                26,
                25
              ],
              "inflate": 0
            },
            {
              "origin": [
                -7.0,
                4.94974,
                -0.29289
              ],
              "size": [
                14.0,
                10.0,
                1.0
              ],
              "pivot": [
                0.0,
                0.0,
                0.0
              ],
              "rotation": [
                45.0,
                0.0,
                0.0
              ],
              "uv": [
                0,
                11
              ],
              "inflate": 0
            },
            {
              "origin": [
                -7.0,
                4.94974,
                0.70711
              ],
              "size": [
                1.0,
                10.0,
                1.0
              ],
              "pivot": [
                0.0,
                0.0,
                0.0
              ],
              "rotation": [
                45.0,
                0.0,
                0.0
              ],
              "uv": [
                0,
                33
              ],
              "inflate": 0
            },
            {
              "origin": [
                6.0,
                4.94974,
                0.70711
              ],
              "size": [
                1.0,
                10.0,
                1.0
              ],
              "pivot": [
                0.0,
                0.0,
                0.0
              ],
              "rotation": [
                45.0,
                0.0,
                0.0
              ],
              "uv": [
                0,
                33
              ],
              "inflate": 0
            },
            {
              "origin": [
                -6.0,
                13.94974,
                0.70711
              ],
              "size": [
                12.0,
                1.0,
                1.0
              ],
              "pivot": [
                0.0,
                0.0,
                0.0
              ],
              "rotation": [
                45.0,
                0.0,
                0.0
              ],
              "uv": [
                28,
                29
              ],
              "inflate": 0
            },
            {
              "origin": [
                -1.0,
                1.0,
                -2.0
              ],
              "size": [
                7.0,
                1.0,
                6.0
              ],
              "rotation": [
                0.0,
                0.0,
                0.0
              ],
              "uv": [
                0,
                22
              ],
              "inflate": 0
            },
            {
              "origin": [
                -4.0,
                -3.0,
                -8.0
              ],
              "size": [
                1.0,
                1.0,
                6.0
              ],
              "pivot": [
                0.0,
                0.0,
                0.0
              ],
              "rotation": [
                -62.5,
                35.0,
                0.0
              ],
              "uv": [
                32,
                11
              ],
              "inflate": 0
            },
            {
              "origin": [
                -3.0,
                -4.0,
                -7.0
              ],
              "size": [
                1.0,
                1.0,
                6.0
              ],
              "pivot": [
                0.0,
                0.0,
                0.0
              ],
              "rotation": [
                -62.5,
                35.0,
                35.0
              ],
              "uv": [
                32,
                11
              ],
              "inflate": 0
            },
            {
              "origin": [
                -4.0,
                1.0,
                4.0
              ],
              "size": [
                2.0,
                2.0,
                2.0
              ],
              "pivot": [
                0.0,
                0.0,
                0.0
              ],
              "rotation": [
                0.0,
                -20.0,
                0.0
              ],
              "uv": [
                0,
                4
              ],
              "inflate": 0
            },
            {
              "origin": [
                -5.0,
                1.0,
                1.0
              ],
              "size": [
                2.0,
                2.0,
                2.0
              ],
              "pivot": [
                0.0,
                0.0,
                0.0
              ],
              "rotation": [
                15.0,
                5.0,
                0.0
              ],
              "uv": [
                0,
                0
              ],
              "inflate": 0
            },
            {
              "origin": [
                -6.0,
                3.0,
                2.0
              ],
              "size": [
                4.0,
                3.0,
                0.0
              ],
              "pivot": [
                0.0,
                0.0,
                0.0
              ],
              "rotation": [
                15.0,
                5.0,
                0.0
              ],
              "uv": [
                28,
                31
              ],
              "inflate": 0
            }
          ],
          "rotation": [
            0,
            0,
            0
          ],
          "bind_pose_rotation": [
            0,
            0,
            0
          ]
        }
      ]
    }
  ]
}