{
  "format_version": "1.12.0",
  "minecraft:geometry": [
    {
      "description": {
        "identifier": "geometry.ec_sewing_old_table_birch",
        "texture_width": 128,
        "texture_height": 128,
        "visible_bounds_width": 4,
        "visible_bounds_height": 4,
        "visible_bounds_offset": [
          0,
          1,
          0
        ]
      },
      "bones": [
        {
          "name": "bb_main",
          "pivot": [
            0,
            0,
            0
          ],
          "cubes": [
            {
              "origin": [
                -24.0,
                14.0,
                -8.0
              ],
              "size": [
                32.0,
                2.0,
                16.0
              ],
              "rotation": [
                0.0,
                0.0,
                0.0
              ],
              "uv": [
                0,
                0
              ],
              "inflate": 0
            },
            {
              "origin": [
                -3.0,
                9.0,
                -7.0
              ],
              "size": [
                10.0,
                5.0,
                14.0
              ],
              "rotation": [
                0.0,
                0.0,
                0.0
              ],
              "uv": [
                42,
                31
              ],
              "inflate": 0
            },
            {
              "origin": [
                7.0,
                8.0,
                7.0
              ],
              "size": [
                1.0,
                6.0,
                1.0
              ],
              "rotation": [
                0.0,
                0.0,
                0.0
              ],
              "uv": [
                34,
                42
              ],
              "inflate": 0
            },
            {
              "origin": [
                -24.0,
                8.0,
                7.0
              ],
              "size": [
                1.0,
                6.0,
                1.0
              ],
              "rotation": [
                0.0,
                0.0,
                0.0
              ],
              "uv": [
                34,
                42
              ],
              "inflate": 0
            },
            {
              "origin": [
                -24.0,
                8.0,
                -8.0
              ],
              "size": [
                1.0,
                6.0,
                1.0
              ],
              "rotation": [
                0.0,
                0.0,
                0.0
              ],
              "uv": [
                34,
                42
              ],
              "inflate": 0
            },
            {
              "origin": [
                -2.0,
                10.0,
                7.0
              ],
              "size": [
                8.0,
                3.0,
                1.0
              ],
              "rotation": [
                0.0,
                0.0,
                0.0
              ],
              "uv": [
                71,
                59
              ],
              "inflate": 0
            },
            {
              "origin": [
                -22.0,
                10.0,
                7.0
              ],
              "size": [
                8.0,
                3.0,
                1.0
              ],
              "rotation": [
                0.0,
                0.0,
                0.0
              ],
              "uv": [
                34,
                50
              ],
              "inflate": 0
            },
            {
              "origin": [
                -13.0,
                1.0,
                2.0
              ],
              "size": [
                10.0,
                4.0,
                1.0
              ],
              "pivot": [
                0.0,
                0.0,
                0.0
              ],
              "rotation": [
                42.5,
                0.0,
                0.0
              ],
              "uv": [
                26,
                61
              ],
              "inflate": 0
            },
            {
              "origin": [
                -9.0,
                4.0,
                0.0
              ],
              "size": [
                2.0,
                12.0,
                1.0
              ],
              "pivot": [
                0.0,
                0.0,
                0.0
              ],
              "rotation": [
                27.5,
                0.0,
                0.0
              ],
              "uv": [
                0,
                42
              ],
              "inflate": 0
            },
            {
              "origin": [
                7.0,
                7.0,
                6.0
              ],
              "size": [
                1.0,
                2.0,
                1.0
              ],
              "rotation": [
                0.0,
                0.0,
                0.0
              ],
              "uv": [
                46,
                37
              ],
              "inflate": 0
            },
            {
              "origin": [
                7.0,
                7.0,
                -7.0
              ],
              "size": [
                1.0,
                2.0,
                1.0
              ],
              "rotation": [
                0.0,
                0.0,
                0.0
              ],
              "uv": [
                42,
                42
              ],
              "inflate": 0
            },
            {
              "origin": [
                -24.0,
                7.0,
                -7.0
              ],
              "size": [
                1.0,
                2.0,
                1.0
              ],
              "rotation": [
                0.0,
                0.0,
                0.0
              ],
              "uv": [
                42,
                42
              ],
              "inflate": 0
            },
            {
              "origin": [
                -24.0,
                7.0,
                6.0
              ],
              "size": [
                1.0,
                2.0,
                1.0
              ],
              "rotation": [
                0.0,
                0.0,
                0.0
              ],
              "uv": [
                42,
                42
              ],
              "inflate": 0
            },
            {
              "origin": [
                7.0,
                6.0,
                -6.0
              ],
              "size": [
                1.0,
                2.0,
                1.0
              ],
              "rotation": [
                0.0,
                0.0,
                0.0
              ],
              "uv": [
                5,
                35
              ],
              "inflate": 0
            },
            {
              "origin": [
                -24.0,
                6.0,
                -6.0
              ],
              "size": [
                1.0,
                2.0,
                1.0
              ],
              "rotation": [
                0.0,
                0.0,
                0.0
              ],
              "uv": [
                5,
                35
              ],
              "inflate": 0
            },
            {
              "origin": [
                -24.0,
                6.0,
                5.0
              ],
              "size": [
                1.0,
                2.0,
                1.0
              ],
              "rotation": [
                0.0,
                0.0,
                0.0
              ],
              "uv": [
                5,
                35
              ],
              "inflate": 0
            },
            {
              "origin": [
                7.0,
                1.0,
                -6.0
              ],
              "size": [
                1.0,
                2.0,
                1.0
              ],
              "rotation": [
                0.0,
                0.0,
                0.0
              ],
              "uv": [
                12,
                13
              ],
              "inflate": 0
            },
            {
              "origin": [
                -24.0,
                1.0,
                -6.0
              ],
              "size": [
                1.0,
                2.0,
                1.0
              ],
              "rotation": [
                0.0,
                0.0,
                0.0
              ],
              "uv": [
                12,
                13
              ],
              "inflate": 0
            },
            {
              "origin": [
                -24.0,
                1.0,
                5.0
              ],
              "size": [
                1.0,
                2.0,
                1.0
              ],
              "rotation": [
                0.0,
                0.0,
                0.0
              ],
              "uv": [
                12,
                13
              ],
              "inflate": 0
            },
            {
              "origin": [
                7.0,
                0.0,
                6.0
              ],
              "size": [
                1.0,
                2.0,
                1.0
              ],
              "rotation": [
                0.0,
                0.0,
                0.0
              ],
              "uv": [
                8,
                13
              ],
              "inflate": 0
            },
            {
              "origin": [
                7.0,
                0.0,
                -7.0
              ],
              "size": [
                1.0,
                2.0,
                1.0
              ],
              "rotation": [
                0.0,
                0.0,
                0.0
              ],
              "uv": [
                4,
                13
              ],
              "inflate": 0
            },
            {
              "origin": [
                -24.0,
                0.0,
                -7.0
              ],
              "size": [
                1.0,
                2.0,
                1.0
              ],
              "rotation": [
                0.0,
                0.0,
                0.0
              ],
              "uv": [
                4,
                13
              ],
              "inflate": 0
            },
            {
              "origin": [
                -24.0,
                0.0,
                6.0
              ],
              "size": [
                1.0,
                2.0,
                1.0
              ],
              "rotation": [
                0.0,
                0.0,
                0.0
              ],
              "uv": [
                4,
                13
              ],
              "inflate": 0
            },
            {
              "origin": [
                7.0,
                0.0,
                -8.0
              ],
              "size": [
                1.0,
                1.0,
                1.0
              ],
              "rotation": [
                0.0,
                0.0,
                0.0
              ],
              "uv": [
                0,
                21
              ],
              "inflate": 0
            },
            {
              "origin": [
                -24.0,
                0.0,
                -8.0
              ],
              "size": [
                1.0,
                1.0,
                1.0
              ],
              "rotation": [
                0.0,
                0.0,
                0.0
              ],
              "uv": [
                0,
                21
              ],
              "inflate": 0
            },
            {
              "origin": [
                -24.0,
                0.0,
                7.0
              ],
              "size": [
                1.0,
                1.0,
                1.0
              ],
              "rotation": [
                0.0,
                0.0,
                0.0
              ],
              "uv": [
                0,
                21
              ],
              "inflate": 0
            },
            {
              "origin": [
                -9.0,
                0.0,
                -3.0
              ],
              "size": [
                2.0,
                1.0,
                3.0
              ],
              "rotation": [
                0.0,
                0.0,
                0.0
              ],
              "uv": [
                0,
                31
              ],
              "inflate": 0
            },
            {
              "origin": [
                -9.0,
                1.0,
                -2.0
              ],
              "size": [
                2.0,
                4.0,
                1.0
              ],
              "rotation": [
                0.0,
                0.0,
                0.0
              ],
              "uv": [
                0,
                0
              ],
              "inflate": 0
            },
            {
              "origin": [
                7.0,
                0.0,
                7.0
              ],
              "size": [
                1.0,
                1.0,
                1.0
              ],
              "rotation": [
                0.0,
                0.0,
                0.0
              ],
              "uv": [
                0,
                5
              ],
              "inflate": 0
            },
            {
              "origin": [
                7.0,
                1.0,
                5.0
              ],
              "size": [
                1.0,
                2.0,
                1.0
              ],
              "rotation": [
                0.0,
                0.0,
                0.0
              ],
              "uv": [
                0,
                18
              ],
              "inflate": 0
            },
            {
              "origin": [
                7.0,
                6.0,
                5.0
              ],
              "size": [
                1.0,
                2.0,
                1.0
              ],
              "rotation": [
                0.0,
                0.0,
                0.0
              ],
              "uv": [
                7,
                18
              ],
              "inflate": 0
            },
            {
              "origin": [
                7.0,
                2.0,
                4.0
              ],
              "size": [
                1.0,
                5.0,
                1.0
              ],
              "rotation": [
                0.0,
                0.0,
                0.0
              ],
              "uv": [
                46,
                31
              ],
              "inflate": 0
            },
            {
              "origin": [
                7.0,
                4.0,
                -4.0
              ],
              "size": [
                1.0,
                1.0,
                8.0
              ],
              "rotation": [
                0.0,
                0.0,
                0.0
              ],
              "uv": [
                28,
                66
              ],
              "inflate": 0
            },
            {
              "origin": [
                -24.0,
                4.0,
                -4.0
              ],
              "size": [
                1.0,
                1.0,
                8.0
              ],
              "rotation": [
                0.0,
                0.0,
                0.0
              ],
              "uv": [
                28,
                66
              ],
              "inflate": 0
            },
            {
              "origin": [
                7.0,
                2.0,
                -5.0
              ],
              "size": [
                1.0,
                5.0,
                1.0
              ],
              "rotation": [
                0.0,
                0.0,
                0.0
              ],
              "uv": [
                38,
                42
              ],
              "inflate": 0
            },
            {
              "origin": [
                -24.0,
                2.0,
                -5.0
              ],
              "size": [
                1.0,
                5.0,
                1.0
              ],
              "rotation": [
                0.0,
                0.0,
                0.0
              ],
              "uv": [
                38,
                42
              ],
              "inflate": 0
            },
            {
              "origin": [
                -24.0,
                2.0,
                4.0
              ],
              "size": [
                1.0,
                5.0,
                1.0
              ],
              "rotation": [
                0.0,
                0.0,
                0.0
              ],
              "uv": [
                38,
                42
              ],
              "inflate": 0
            },
            {
              "origin": [
                7.0,
                8.0,
                -8.0
              ],
              "size": [
                1.0,
                6.0,
                1.0
              ],
              "rotation": [
                0.0,
                0.0,
                0.0
              ],
              "uv": [
                9,
                0
              ],
              "inflate": 0
            },
            {
              "origin": [
                -23.0,
                9.0,
                -7.0
              ],
              "size": [
                10.0,
                5.0,
                14.0
              ],
              "rotation": [
                0.0,
                0.0,
                0.0
              ],
              "uv": [
                0,
                42
              ],
              "inflate": 0
            }
          ],
          "rotation": [
            0,
            0,
            0
          ],
          "bind_pose_rotation": [
            0,
            0,
            0
          ]
        }
      ]
    }
  ]
}