{
  "format_version": "1.12.0",
  "minecraft:geometry": [
    {
      "description": {
        "identifier": "geometry.ec_sewing_old_machine_blue",
        "texture_width": 128,
        "texture_height": 128,
        "visible_bounds_width": 4,
        "visible_bounds_height": 4,
        "visible_bounds_offset": [
          0,
          1,
          0
        ]
      },
      "bones": [
        {
          "name": "bone",
          "pivot": [
            0,
            -16,
            0
          ],
          "cubes": [
            {
              "origin": [
                -18.0,
                0.0,
                -6.0
              ],
              "size": [
                20.0,
                1.0,
                12.0
              ],
              "rotation": [
                0.0,
                0.0,
                0.0
              ],
              "uv": [
                0,
                18
              ],
              "inflate": 0
            },
            {
              "origin": [
                -7.0,
                2.0,
                -2.0
              ],
              "size": [
                7.0,
                1.0,
                5.0
              ],
              "rotation": [
                0.0,
                0.0,
                0.0
              ],
              "uv": [
                52,
                24
              ],
              "inflate": 0
            },
            {
              "origin": [
                -16.0,
                2.0,
                -2.0
              ],
              "size": [
                7.0,
                1.0,
                5.0
              ],
              "rotation": [
                0.0,
                0.0,
                0.0
              ],
              "uv": [
                52,
                18
              ],
              "inflate": 0
            },
            {
              "origin": [
                -16.0,
                3.0,
                -2.0
              ],
              "size": [
                6.0,
                1.0,
                5.0
              ],
              "rotation": [
                0.0,
                0.0,
                0.0
              ],
              "uv": [
                61,
                65
              ],
              "inflate": 0
            },
            {
              "origin": [
                -16.0,
                4.0,
                -2.0
              ],
              "size": [
                5.0,
                2.0,
                5.0
              ],
              "rotation": [
                0.0,
                0.0,
                0.0
              ],
              "uv": [
                71,
                19
              ],
              "inflate": 0
            },
            {
              "origin": [
                -16.0,
                12.0,
                -2.0
              ],
              "size": [
                5.0,
                2.0,
                5.0
              ],
              "rotation": [
                0.0,
                0.0,
                0.0
              ],
              "uv": [
                16,
                67
              ],
              "inflate": 0
            },
            {
              "origin": [
                -16.0,
                6.0,
                -2.0
              ],
              "size": [
                6.0,
                1.0,
                5.0
              ],
              "rotation": [
                0.0,
                0.0,
                0.0
              ],
              "uv": [
                9,
                61
              ],
              "inflate": 0
            },
            {
              "origin": [
                -16.0,
                11.0,
                -2.0
              ],
              "size": [
                6.0,
                1.0,
                5.0
              ],
              "rotation": [
                0.0,
                0.0,
                0.0
              ],
              "uv": [
                54,
                59
              ],
              "inflate": 0
            },
            {
              "origin": [
                -9.0,
                11.0,
                -1.0
              ],
              "size": [
                2.0,
                3.0,
                2.0
              ],
              "rotation": [
                0.0,
                0.0,
                0.0
              ],
              "uv": [
                6,
                42
              ],
              "inflate": 0
            },
            {
              "origin": [
                -17.0,
                9.0,
                -3.0
              ],
              "size": [
                1.0,
                6.0,
                7.0
              ],
              "rotation": [
                0.0,
                0.0,
                0.0
              ],
              "uv": [
                0,
                0
              ],
              "inflate": 0
            },
            {
              "origin": [
                -18.0,
                11.0,
                -1.0
              ],
              "size": [
                1.0,
                2.0,
                3.0
              ],
              "rotation": [
                0.0,
                0.0,
                0.0
              ],
              "uv": [
                0,
                35
              ],
              "inflate": 0
            },
            {
              "origin": [
                -16.0,
                7.0,
                -2.0
              ],
              "size": [
                10.0,
                4.0,
                5.0
              ],
              "rotation": [
                0.0,
                0.0,
                0.0
              ],
              "uv": [
                48,
                50
              ],
              "inflate": 0
            },
            {
              "origin": [
                -4.0,
                3.0,
                0.0
              ],
              "size": [
                1.0,
                2.0,
                1.0
              ],
              "rotation": [
                0.0,
                0.0,
                0.0
              ],
              "uv": [
                0,
                13
              ],
              "inflate": 0
            },
            {
              "origin": [
                -2.0,
                6.0,
                -2.0
              ],
              "size": [
                1.0,
                6.0,
                5.0
              ],
              "rotation": [
                0.0,
                0.0,
                0.0
              ],
              "uv": [
                0,
                18
              ],
              "inflate": 0
            },
            {
              "origin": [
                -6.0,
                6.0,
                -3.0
              ],
              "size": [
                1.0,
                6.0,
                7.0
              ],
              "rotation": [
                0.0,
                0.0,
                0.0
              ],
              "uv": [
                0,
                61
              ],
              "inflate": 0
            },
            {
              "origin": [
                -5.0,
                5.0,
                -3.0
              ],
              "size": [
                3.0,
                8.0,
                7.0
              ],
              "rotation": [
                0.0,
                0.0,
                0.0
              ],
              "uv": [
                41,
                59
              ],
              "inflate": 0
            },
            {
              "origin": [
                -17.0,
                1.0,
                -5.0
              ],
              "size": [
                18.0,
                1.0,
                10.0
              ],
              "rotation": [
                0.0,
                0.0,
                0.0
              ],
              "uv": [
                0,
                31
              ],
              "inflate": 0
            }
          ],
          "rotation": [
            0,
            0,
            0
          ],
          "bind_pose_rotation": [
            0,
            0,
            0
          ]
        }
      ]
    }
  ]
}