{
  "format_version": "1.12.0",
  "minecraft:geometry": [
    {
      "description": {
        "identifier": "geometry.mc_big_size_shelves_spruce",
        "texture_width": 256,
        "texture_height": 256,
        "visible_bounds_width": 4,
        "visible_bounds_height": 5,
        "visible_bounds_offset": [
          0,
          1.5,
          0
        ]
      },
      "bones": [
        {
          "name": "bb_main",
          "pivot": [
            0,
            0,
            0
          ],
          "cubes": [
            {
              "origin": [
                -24.0,
                2.0,
                -8.0
              ],
              "size": [
                48.0,
                14.0,
                16.0
              ],
              "rotation": [
                0.0,
                0.0,
                0.0
              ],
              "uv": [
                0,
                0
              ],
              "inflate": 0
            },
            {
              "origin": [
                22.0,
                0.0,
                -8.0
              ],
              "size": [
                2.0,
                2.0,
                16.0
              ],
              "rotation": [
                0.0,
                0.0,
                0.0
              ],
              "uv": [
                112,
                14
              ],
              "inflate": 0
            },
            {
              "origin": [
                -24.0,
                0.0,
                -8.0
              ],
              "size": [
                2.0,
                2.0,
                16.0
              ],
              "rotation": [
                0.0,
                0.0,
                0.0
              ],
              "uv": [
                112,
                14
              ],
              "inflate": 0
            },
            {
              "origin": [
                8.0,
                30.0,
                -7.0
              ],
              "size": [
                14.0,
                2.0,
                15.0
              ],
              "rotation": [
                0.0,
                0.0,
                0.0
              ],
              "uv": [
                100,
                92
              ],
              "inflate": 0
            },
            {
              "origin": [
                -22.0,
                30.0,
                -7.0
              ],
              "size": [
                14.0,
                2.0,
                15.0
              ],
              "rotation": [
                0.0,
                0.0,
                0.0
              ],
              "uv": [
                100,
                92
              ],
              "inflate": 0
            },
            {
              "origin": [
                8.0,
                10.0,
                8.0
              ],
              "size": [
                14.0,
                5.0,
                1.0
              ],
              "rotation": [
                0.0,
                0.0,
                0.0
              ],
              "uv": [
                53,
                79
              ],
              "inflate": 0
            },
            {
              "origin": [
                8.0,
                4.0,
                8.0
              ],
              "size": [
                14.0,
                5.0,
                1.0
              ],
              "rotation": [
                0.0,
                0.0,
                0.0
              ],
              "uv": [
                53,
                79
              ],
              "inflate": 0
            },
            {
              "origin": [
                -7.0,
                4.0,
                8.0
              ],
              "size": [
                14.0,
                5.0,
                1.0
              ],
              "rotation": [
                0.0,
                0.0,
                0.0
              ],
              "uv": [
                53,
                79
              ],
              "inflate": 0
            },
            {
              "origin": [
                -7.0,
                10.0,
                8.0
              ],
              "size": [
                14.0,
                5.0,
                1.0
              ],
              "rotation": [
                0.0,
                0.0,
                0.0
              ],
              "uv": [
                53,
                79
              ],
              "inflate": 0
            },
            {
              "origin": [
                -22.0,
                10.0,
                8.0
              ],
              "size": [
                14.0,
                5.0,
                1.0
              ],
              "rotation": [
                0.0,
                0.0,
                0.0
              ],
              "uv": [
                53,
                79
              ],
              "inflate": 0
            },
            {
              "origin": [
                -22.0,
                4.0,
                8.0
              ],
              "size": [
                14.0,
                5.0,
                1.0
              ],
              "rotation": [
                0.0,
                0.0,
                0.0
              ],
              "uv": [
                53,
                79
              ],
              "inflate": 0
            },
            {
              "origin": [
                -24.0,
                16.0,
                -8.0
              ],
              "size": [
                48.0,
                32.0,
                1.0
              ],
              "rotation": [
                0.0,
                0.0,
                0.0
              ],
              "uv": [
                0,
                46
              ],
              "inflate": 0
            },
            {
              "origin": [
                22.0,
                16.0,
                -7.0
              ],
              "size": [
                2.0,
                31.0,
                15.0
              ],
              "rotation": [
                0.0,
                0.0,
                0.0
              ],
              "uv": [
                0,
                79
              ],
              "inflate": 0
            },
            {
              "origin": [
                -24.0,
                16.0,
                -7.0
              ],
              "size": [
                2.0,
                31.0,
                15.0
              ],
              "rotation": [
                0.0,
                0.0,
                0.0
              ],
              "uv": [
                0,
                79
              ],
              "inflate": 0
            },
            {
              "origin": [
                -24.0,
                47.0,
                -7.0
              ],
              "size": [
                48.0,
                1.0,
                15.0
              ],
              "rotation": [
                0.0,
                0.0,
                0.0
              ],
              "uv": [
                0,
                30
              ],
              "inflate": 0
            },
            {
              "origin": [
                7.0,
                16.0,
                -7.0
              ],
              "size": [
                1.0,
                31.0,
                15.0
              ],
              "rotation": [
                0.0,
                0.0,
                0.0
              ],
              "uv": [
                68,
                79
              ],
              "inflate": 0
            },
            {
              "origin": [
                -8.0,
                16.0,
                -7.0
              ],
              "size": [
                1.0,
                31.0,
                15.0
              ],
              "rotation": [
                0.0,
                0.0,
                0.0
              ],
              "uv": [
                68,
                79
              ],
              "inflate": 0
            }
          ],
          "rotation": [
            0,
            0,
            0
          ],
          "bind_pose_rotation": [
            0,
            0,
            0
          ]
        }
      ]
    }
  ]
}