{
  "format_version": "1.12.0",
  "minecraft:geometry": [
    {
      "description": {
        "identifier": "geometry.mc_tablecloth_white",
        "texture_width": 64,
        "texture_height": 64,
        "visible_bounds_width": 3,
        "visible_bounds_height": 2.5,
        "visible_bounds_offset": [
          0,
          0.75,
          0
        ]
      },
      "bones": [
        {
          "name": "bb_main",
          "pivot": [
            0,
            0,
            0
          ],
          "cubes": [
            {
              "origin": [
                5.0,
                0.0,
                5.0
              ],
              "size": [
                2.0,
                15.0,
                2.0
              ],
              "rotation": [
                0.0,
                0.0,
                0.0
              ],
              "uv": [
                0,
                25
              ],
              "inflate": 0
            },
            {
              "origin": [
                5.0,
                0.0,
                -7.0
              ],
              "size": [
                2.0,
                15.0,
                2.0
              ],
              "rotation": [
                0.0,
                0.0,
                0.0
              ],
              "uv": [
                0,
                25
              ],
              "inflate": 0
            },
            {
              "origin": [
                -7.0,
                0.0,
                5.0
              ],
              "size": [
                2.0,
                15.0,
                2.0
              ],
              "rotation": [
                0.0,
                0.0,
                0.0
              ],
              "uv": [
                0,
                25
              ],
              "inflate": 0
            },
            {
              "origin": [
                -8.0,
                -2.0,
                5.0
              ],
              "size": [
                2.0,
                15.0,
                2.0
              ],
              "pivot": [
                0.0,
                0.0,
                0.0
              ],
              "rotation": [
                0.0,
                0.0,
                52.5
              ],
              "uv": [
                0,
                25
              ],
              "inflate": 0
            },
            {
              "origin": [
                -8.0,
                -2.0,
                -7.0
              ],
              "size": [
                2.0,
                15.0,
                2.0
              ],
              "pivot": [
                0.0,
                0.0,
                0.0
              ],
              "rotation": [
                0.0,
                0.0,
                52.5
              ],
              "uv": [
                0,
                25
              ],
              "inflate": 0
            },
            {
              "origin": [
                6.0,
                -2.0,
                5.0
              ],
              "size": [
                2.0,
                15.0,
                2.0
              ],
              "pivot": [
                0.0,
                0.0,
                0.0
              ],
              "rotation": [
                0.0,
                0.0,
                -52.5
              ],
              "uv": [
                0,
                25
              ],
              "inflate": 0,
              "mirror": true
            },
            {
              "origin": [
                6.0,
                -2.0,
                -7.0
              ],
              "size": [
                2.0,
                15.0,
                2.0
              ],
              "pivot": [
                0.0,
                0.0,
                0.0
              ],
              "rotation": [
                0.0,
                0.0,
                -52.5
              ],
              "uv": [
                0,
                25
              ],
              "inflate": 0,
              "mirror": true
            },
            {
              "origin": [
                -7.0,
                0.0,
                -7.0
              ],
              "size": [
                2.0,
                15.0,
                2.0
              ],
              "rotation": [
                0.0,
                0.0,
                0.0
              ],
              "uv": [
                0,
                25
              ],
              "inflate": 0
            },
            {
              "origin": [
                -8.0,
                15.0,
                -8.0
              ],
              "size": [
                16.0,
                1.0,
                16.0
              ],
              "rotation": [
                0.0,
                0.0,
                0.0
              ],
              "uv": [
                0,
                0
              ],
              "inflate": 0
            },
            {
              "origin": [
                -8.0,
                7.0,
                -8.0
              ],
              "size": [
                16.0,
                8.0,
                0.0
              ],
              "rotation": [
                0.0,
                0.0,
                0.0
              ],
              "uv": [
                0,
                17
              ],
              "inflate": 0
            },
            {
              "origin": [
                -8.0,
                7.0,
                8.0
              ],
              "size": [
                16.0,
                8.0,
                0.0
              ],
              "rotation": [
                0.0,
                0.0,
                0.0
              ],
              "uv": [
                0,
                17
              ],
              "inflate": 0
            },
            {
              "origin": [
                -8.0,
                7.0,
                -8.0
              ],
              "size": [
                0.0,
                8.0,
                16.0
              ],
              "pivot": [
                0.0,
                0.0,
                0.0
              ],
              "rotation": [
                0.0,
                180.0,
                0.0
              ],
              "uv": [
                0,
                1
              ],
              "inflate": 0
            },
            {
              "origin": [
                -8.0,
                7.0,
                -8.0
              ],
              "size": [
                0.0,
                8.0,
                16.0
              ],
              "rotation": [
                0.0,
                0.0,
                0.0
              ],
              "uv": [
                0,
                1
              ],
              "inflate": 0
            }
          ],
          "rotation": [
            0,
            0,
            0
          ],
          "bind_pose_rotation": [
            0,
            0,
            0
          ]
        }
      ]
    }
  ]
}