{
  "format_version": "1.12.0",
  "minecraft:geometry": [
    {
      "description": {
        "identifier": "geometry.mc_wooden_bench_birch",
        "texture_width": 128,
        "texture_height": 128,
        "visible_bounds_width": 4,
        "visible_bounds_height": 3,
        "visible_bounds_offset": [
          0,
          0.5,
          0
        ]
      },
      "bones": [
        {
          "name": "bb_main",
          "pivot": [
            0,
            0,
            0
          ],
          "cubes": [
            {
              "origin": [
                5.0,
                0.0,
                5.0
              ],
              "size": [
                2.0,
                9.0,
                2.0
              ],
              "rotation": [
                0.0,
                0.0,
                0.0
              ],
              "uv": [
                8,
                21
              ],
              "inflate": 0
            },
            {
              "origin": [
                -23.0,
                0.0,
                5.0
              ],
              "size": [
                2.0,
                9.0,
                2.0
              ],
              "rotation": [
                0.0,
                0.0,
                0.0
              ],
              "uv": [
                8,
                21
              ],
              "inflate": 0
            },
            {
              "origin": [
                5.0,
                0.0,
                -7.0
              ],
              "size": [
                2.0,
                19.0,
                2.0
              ],
              "rotation": [
                0.0,
                0.0,
                0.0
              ],
              "uv": [
                0,
                21
              ],
              "inflate": 0
            },
            {
              "origin": [
                -23.0,
                0.0,
                -7.0
              ],
              "size": [
                2.0,
                19.0,
                2.0
              ],
              "rotation": [
                0.0,
                0.0,
                0.0
              ],
              "uv": [
                0,
                21
              ],
              "inflate": 0
            },
            {
              "origin": [
                5.0,
                8.0,
                -5.0
              ],
              "size": [
                2.0,
                1.0,
                10.0
              ],
              "rotation": [
                0.0,
                0.0,
                0.0
              ],
              "uv": [
                0,
                10
              ],
              "inflate": 0
            },
            {
              "origin": [
                -23.0,
                8.0,
                -5.0
              ],
              "size": [
                2.0,
                1.0,
                10.0
              ],
              "rotation": [
                0.0,
                0.0,
                0.0
              ],
              "uv": [
                0,
                10
              ],
              "inflate": 0
            },
            {
              "origin": [
                -24.0,
                9.0,
                4.0
              ],
              "size": [
                32.0,
                1.0,
                4.0
              ],
              "rotation": [
                0.0,
                0.0,
                0.0
              ],
              "uv": [
                0,
                0
              ],
              "inflate": 0
            },
            {
              "origin": [
                -24.0,
                9.0,
                -1.0
              ],
              "size": [
                32.0,
                1.0,
                4.0
              ],
              "rotation": [
                0.0,
                0.0,
                0.0
              ],
              "uv": [
                0,
                0
              ],
              "inflate": 0
            },
            {
              "origin": [
                -24.0,
                9.0,
                -6.0
              ],
              "size": [
                32.0,
                1.0,
                4.0
              ],
              "rotation": [
                0.0,
                0.0,
                0.0
              ],
              "uv": [
                0,
                0
              ],
              "inflate": 0
            },
            {
              "origin": [
                -24.0,
                17.0,
                -5.0
              ],
              "size": [
                32.0,
                4.0,
                1.0
              ],
              "rotation": [
                0.0,
                0.0,
                0.0
              ],
              "uv": [
                0,
                5
              ],
              "inflate": 0
            },
            {
              "origin": [
                -24.0,
                12.0,
                -5.0
              ],
              "size": [
                32.0,
                4.0,
                1.0
              ],
              "rotation": [
                0.0,
                0.0,
                0.0
              ],
              "uv": [
                0,
                5
              ],
              "inflate": 0
            }
          ],
          "rotation": [
            0,
            0,
            0
          ],
          "bind_pose_rotation": [
            0,
            0,
            0
          ]
        }
      ]
    }
  ]
}