{
	"geometry.cow.v1.8": {
		"texturewidth": 64,
		"textureheight": 32,
		"visible_bounds_width": 3,
		"visible_bounds_height": 2,
		"visible_bounds_offset": [0, 0, 0],
		"bones": [
			{
				"name": "body",
				"pivot": [0, 19, 2],
				"rotation": [90, 0, 0],
				"cubes": [
					{"origin": [-5, 17, -17], "size": [10, 8, 6], "uv": [21, 18]},
					{"origin": [-4, 17, -4], "size": [8, 8, 3], "uv": [29, 4]},
					{"origin": [5, 19, -10], "size": [1, 4, 3], "uv": [7, 0]},
					{"origin": [-6, 19, -10], "size": [1, 4, 3], "uv": [14, 7]},
					{"origin": [5, 19, -7], "size": [1, 4, 2], "uv": [22, 17]},
					{"origin": [-6, 19, -7], "size": [1, 4, 2], "uv": [22, 17]},
					{"origin": [-5, 17, -11], "size": [10, 8, 7], "uv": [22, 17]}
				]
			},
			{
				"name": "head",
				"pivot": [0, 15, 0],
				"cubes": [
					{"origin": [-4, 16, -3], "size": [8, 7, 6], "uv": [0, 0]},
					{"origin": [-5, 20, -2], "size": [1, 3, 1], "uv": [22, 0]},
					{"origin": [-7, 21, -2], "size": [1, 1, 1], "uv": [22, 0]},
					{"origin": [-6, 21, -2], "size": [1, 1, 1], "uv": [22, 0]},
					{"origin": [-6, 22, -2], "size": [1, 1, 1], "uv": [22, 0]},
					{"origin": [5, 21, -2], "size": [1, 2, 1], "uv": [22, 0]},
					{"origin": [-9, 22, -2], "size": [1, 1, 1], "uv": [22, 0]},
					{"origin": [-8, 22, -2], "size": [1, 1, 1], "uv": [22, 0]},
					{"origin": [-7, 22, -2], "size": [1, 1, 1], "uv": [22, 0]},
					{"origin": [8, 22, -2], "size": [1, 1, 1], "uv": [22, 0]},
					{"origin": [6, 21, -2], "size": [1, 1, 1], "uv": [22, 0]},
					{"origin": [7, 22, -2], "size": [1, 1, 1], "uv": [22, 0]},
					{"origin": [6, 22, -2], "size": [1, 1, 1], "uv": [22, 0]},
					{"origin": [4, 20, -2], "size": [1, 3, 1], "uv": [22, 0]}
				]
			}
		]
	}
}