{
  "mc:counter_oak": {
    "textures": "mc_counter_oak",
    "sound": "wood"
  },
  "mc:laundry_basket": {
    "textures": "mc_laundry_basket",
    "sound": "scaffolding"
  },
  "mc:counter_warped": {
    "textures": "mc_counter_warped",
    "sound": "wood"
  },
  "mc:counter_crimson": {
    "textures": "mc_counter_crimson",
    "sound": "wood"
  },
  "mc:shelf": {
    "textures": "mc_shelf",
    "sound": "wood"
  },
  "mc:rattan_sofa_a": {
    "textures": "mc_rattan_sofa_a",
    "sound": "scaffolding"
  },
  "mc:counter_dark": {
    "textures": "mc_counter_dark",
    "sound": "wood"
  },
  "mc:painting_1": {
    "textures": "mc_painting_1",
    "sound": "itemframe"
  },
  "mc:plant2": {
    "textures": "mc_plant2",
    "sound": "normal"
  },
  "mc:roof_nether_brick": {
    "textures": "mc_roof_nether_brick",
    "sound": "stone"
  },
  "mc:plant3": {
    "textures": "mc_plant3",
    "sound": "normal"
  },
  "mc:painting2": {
    "textures": "mc_painting2",
    "sound": "itemframe"
  },
  "mc:chairspruce": {
    "textures": "mc_chairspruce",
    "sound": "wood"
  },
  "mc:table1oak": {
    "textures": "mc_table1oak",
    "sound": "wood"
  },
  "mc:chairoak": {
    "textures": "mc_chairoak",
    "sound": "wood"
  },
  "mc:plant1": {
    "textures": "mc_plant1",
    "sound": "normal"
  },
  "mc:chairbirch": {
    "textures": "mc_chairbirch",
    "sound": "wood"
  },
  "mc:stonepath": {
    "textures": "mc_stonepath",
    "sound": "stone"
  },
  "mc:table1spruce": {
    "textures": "mc_table1spruce",
    "sound": "wood"
  },
  "mc:schooltable": {
    "textures": "mc_schooltable",
    "sound": "wood"
  },
  "mc:ironchair": {
    "textures": "mc_ironchair",
    "sound": "normal"
  },
  "mc:plant_4": {
    "textures": "mc_plant_4",
    "sound": "stone"
  },
  "mc:schoolchair": {
    "textures": "mc_schoolchair",
    "sound": "wood"
  },
  "mc:table1birch": {
    "textures": "mc_table1birch",
    "sound": "wood"
  },
  "mc:table2oak": {
    "textures": "mc_table2oak",
    "sound": "wood"
  },
  "mc:table2birch": {
    "textures": "mc_table2birch",
    "sound": "wood"
  },
  "mc:rattan_sofa_b": {
    "textures": "mc_rattan_sofa_b",
    "sound": "scaffolding"
  },
  "mc:counter_spruce": {
    "textures": "mc_counter_spruce",
    "sound": "wood"
  },
  "mc:iron_table": {
    "textures": "mc_iron_table",
    "sound": "normal"
  },
  "mc:counter_jungle": {
    "textures": "mc_counter_jungle",
    "sound": "wood"
  },
  "mc:counter_acacia": {
    "textures": "mc_counter_acacia",
    "sound": "wood"
  },
  "mc:bed1": {
    "textures": "mc_bed1",
    "sound": "wood"
  },
  "mc:counter_birch": {
    "textures": "mc_counter_birch",
    "sound": "wood"
  },
  "mc:plant_5": {
    "textures": "mc_plant_5",
    "sound": "stone"
  },
  "mc:table2spruce": {
    "textures": "mc_table2spruce",
    "sound": "wood"
  },
  "mc:bed2": {
    "textures": "mc_bed2",
    "sound": "wood"
  },
  "mc:cartwithflowers": {
    "textures": "mc_cartwithflowers",
    "sound": "wood"
  },
  "format_version": [
    1,
    1,
    0
  ]
}