{
  "format_version": "1.12.0",
  "minecraft:geometry": [
    {
      "description": {
        "identifier": "geometry.mc_bed1",
        "texture_width": 128,
        "texture_height": 128,
        "visible_bounds_width": 2,
        "visible_bounds_height": 2.5,
        "visible_bounds_offset": [
          0,
          0.75,
          0
        ]
      },
      "bones": [
        {
          "name": "bone",
          "pivot": [
            0,
            0,
            0
          ],
          "cubes": [
            {
              "origin": [
                5.0,
                0.0,
                -24.0
              ],
              "size": [
                3.0,
                15.0,
                3.0
              ],
              "uv": [
                12,
                0
              ],
              "inflate": 0
            },
            {
              "origin": [
                5.0,
                0.0,
                5.0
              ],
              "size": [
                3.0,
                13.0,
                3.0
              ],
              "uv": [
                12,
                29
              ],
              "inflate": 0
            },
            {
              "origin": [
                -8.0,
                0.0,
                5.0
              ],
              "size": [
                3.0,
                13.0,
                3.0
              ],
              "uv": [
                0,
                29
              ],
              "inflate": 0
            },
            {
              "origin": [
                -8.0,
                0.0,
                -24.0
              ],
              "size": [
                3.0,
                15.0,
                3.0
              ],
              "uv": [
                0,
                0
              ],
              "inflate": 0
            },
            {
              "origin": [
                -7.0,
                3.0,
                -21.0
              ],
              "size": [
                14.0,
                1.0,
                26.0
              ],
              "uv": [
                0,
                29
              ],
              "inflate": 0
            },
            {
              "origin": [
                -5.0,
                5.0,
                6.0
              ],
              "size": [
                10.0,
                2.0,
                1.0
              ],
              "uv": [
                0,
                48
              ],
              "inflate": 0
            },
            {
              "origin": [
                -5.0,
                11.0,
                -23.0
              ],
              "size": [
                10.0,
                2.0,
                1.0
              ],
              "uv": [
                0,
                45
              ],
              "inflate": 0
            },
            {
              "origin": [
                -5.0,
                6.0,
                -23.0
              ],
              "size": [
                10.0,
                2.0,
                1.0
              ],
              "uv": [
                0,
                18
              ],
              "inflate": 0
            },
            {
              "origin": [
                -5.0,
                9.0,
                6.0
              ],
              "size": [
                10.0,
                2.0,
                1.0
              ],
              "uv": [
                0,
                21
              ],
              "inflate": 0
            },
            {
              "origin": [
                -7.0,
                4.0,
                -21.0
              ],
              "size": [
                14.0,
                3.0,
                26.0
              ],
              "uv": [
                0,
                0
              ],
              "inflate": 0
            },
            {
              "origin": [
                -7.0,
                7.0,
                -13.0
              ],
              "size": [
                14.0,
                1.0,
                18.0
              ],
              "uv": [
                54,
                0
              ],
              "inflate": 0
            },
            {
              "origin": [
                7.0,
                2.0,
                -13.0
              ],
              "size": [
                1.0,
                5.0,
                18.0
              ],
              "uv": [
                0,
                56
              ],
              "inflate": 0
            },
            {
              "origin": [
                -8.0,
                2.0,
                -13.0
              ],
              "size": [
                1.0,
                5.0,
                18.0
              ],
              "uv": [
                54,
                29
              ],
              "inflate": 0
            },
            {
              "origin": [
                -5.0,
                -3.0,
                -24.0
              ],
              "size": [
                10.0,
                3.0,
                8.0
              ],
              "pivot": [
                0.0,
                0.0,
                0.0
              ],
              "rotation": [
                -32.5,
                0.0,
                0.0
              ],
              "uv": [
                20,
                56
              ],
              "inflate": 0
            }
          ]
        }
      ]
    }
  ]
}