{
  "format_version": "1.12.0",
  "minecraft:geometry": [
    {
      "description": {
        "identifier": "geometry.mc_counter_acacia",
        "texture_width": 128,
        "texture_height": 128,
        "visible_bounds_width": 3,
        "visible_bounds_height": 2.5,
        "visible_bounds_offset": [
          0,
          0.75,
          0
        ]
      },
      "bones": [
        {
          "name": "bone",
          "pivot": [
            0,
            0,
            0
          ],
          "cubes": [
            {
              "origin": [
                -8.0,
                0.0,
                -8.0
              ],
              "size": [
                16.0,
                14.0,
                16.0
              ],
              "uv": [
                0,
                0
              ],
              "inflate": 0
            },
            {
              "origin": [
                -8.0,
                14.0,
                -8.0
              ],
              "size": [
                16.0,
                2.0,
                17.0
              ],
              "uv": [
                0,
                30
              ],
              "inflate": 0
            },
            {
              "origin": [
                -7.0,
                7.5,
                8.0
              ],
              "size": [
                14.0,
                5.0,
                1.0
              ],
              "uv": [
                48,
                6
              ],
              "inflate": 0
            },
            {
              "origin": [
                -7.0,
                1.0,
                8.0
              ],
              "size": [
                14.0,
                5.0,
                1.0
              ],
              "uv": [
                48,
                0
              ],
              "inflate": 0
            },
            {
              "origin": [
                -2.5,
                4.0,
                9.0
              ],
              "size": [
                5.0,
                1.0,
                1.0
              ],
              "uv": [
                0,
                2
              ],
              "inflate": 0
            },
            {
              "origin": [
                -2.5,
                10.5,
                9.0
              ],
              "size": [
                5.0,
                1.0,
                1.0
              ],
              "uv": [
                0,
                0
              ],
              "inflate": 0
            }
          ]
        }
      ]
    }
  ]
}