{
  "format_version": "1.12.0",
  "minecraft:geometry": [
    {
      "description": {
        "identifier": "geometry.mc_chairspruce",
        "texture_width": 64,
        "texture_height": 64,
        "visible_bounds_width": 2,
        "visible_bounds_height": 2.5,
        "visible_bounds_offset": [
          0,
          0.75,
          0
        ]
      },
      "bones": [
        {
          "name": "bone",
          "pivot": [
            0,
            0,
            0
          ],
          "cubes": [
            {
              "origin": [
                5.0,
                0.0,
                5.0
              ],
              "size": [
                2.0,
                7.0,
                2.0
              ],
              "uv": [
                30,
                26
              ],
              "inflate": 0
            },
            {
              "origin": [
                5.0,
                0.0,
                -7.0
              ],
              "size": [
                2.0,
                7.0,
                2.0
              ],
              "uv": [
                30,
                17
              ],
              "inflate": 0
            },
            {
              "origin": [
                -7.0,
                0.0,
                5.0
              ],
              "size": [
                2.0,
                7.0,
                2.0
              ],
              "uv": [
                8,
                24
              ],
              "inflate": 0
            },
            {
              "origin": [
                -7.0,
                0.0,
                -7.0
              ],
              "size": [
                2.0,
                7.0,
                2.0
              ],
              "uv": [
                0,
                24
              ],
              "inflate": 0
            },
            {
              "origin": [
                -7.5,
                7.0,
                -7.0
              ],
              "size": [
                15.0,
                2.0,
                15.0
              ],
              "uv": [
                0,
                0
              ],
              "inflate": 0
            },
            {
              "origin": [
                -7.0,
                9.0,
                -7.0
              ],
              "size": [
                2.0,
                13.0,
                2.0
              ],
              "uv": [
                22,
                22
              ],
              "inflate": 0
            },
            {
              "origin": [
                5.0,
                9.0,
                -7.0
              ],
              "size": [
                2.0,
                13.0,
                2.0
              ],
              "uv": [
                0,
                0
              ],
              "inflate": 0
            },
            {
              "origin": [
                -3.5,
                11.0,
                -6.5
              ],
              "size": [
                1.0,
                8.0,
                1.0
              ],
              "uv": [
                0,
                33
              ],
              "inflate": 0
            },
            {
              "origin": [
                -0.5,
                11.0,
                -6.5
              ],
              "size": [
                1.0,
                8.0,
                1.0
              ],
              "uv": [
                16,
                24
              ],
              "inflate": 0
            },
            {
              "origin": [
                2.5,
                11.0,
                -6.5
              ],
              "size": [
                1.0,
                8.0,
                1.0
              ],
              "uv": [
                8,
                0
              ],
              "inflate": 0
            },
            {
              "origin": [
                -5.0,
                19.0,
                -7.0
              ],
              "size": [
                10.0,
                2.0,
                2.0
              ],
              "uv": [
                0,
                17
              ],
              "inflate": 0
            },
            {
              "origin": [
                -5.0,
                10.0,
                -7.0
              ],
              "size": [
                10.0,
                1.0,
                2.0
              ],
              "uv": [
                0,
                21
              ],
              "inflate": 0
            }
          ]
        }
      ]
    }
  ]
}