{
  "format_version": "1.12.0",
  "minecraft:geometry": [
    {
      "description": {
        "identifier": "geometry.mc_laundry_basket",
        "texture_width": 128,
        "texture_height": 128,
        "visible_bounds_width": 2,
        "visible_bounds_height": 2.5,
        "visible_bounds_offset": [
          0,
          0.75,
          0
        ]
      },
      "bones": [
        {
          "name": "bone",
          "pivot": [
            0,
            0,
            0
          ],
          "cubes": [
            {
              "origin": [
                -7.0,
                0.0,
                -7.0
              ],
              "size": [
                14.0,
                1.0,
                14.0
              ],
              "uv": [
                0,
                0
              ],
              "inflate": 0
            },
            {
              "origin": [
                6.0,
                1.0,
                -6.0
              ],
              "size": [
                1.0,
                9.0,
                12.0
              ],
              "uv": [
                0,
                33
              ],
              "inflate": 0
            },
            {
              "origin": [
                -7.0,
                1.0,
                -6.0
              ],
              "size": [
                1.0,
                9.0,
                12.0
              ],
              "uv": [
                30,
                21
              ],
              "inflate": 0
            },
            {
              "origin": [
                -7.0,
                1.0,
                6.0
              ],
              "size": [
                14.0,
                9.0,
                1.0
              ],
              "uv": [
                26,
                42
              ],
              "inflate": 0
            },
            {
              "origin": [
                -7.0,
                1.0,
                -7.0
              ],
              "size": [
                14.0,
                9.0,
                1.0
              ],
              "uv": [
                42,
                0
              ],
              "inflate": 0
            },
            {
              "origin": [
                -5.0,
                1.0,
                -5.5
              ],
              "size": [
                10.0,
                7.0,
                11.0
              ],
              "uv": [
                0,
                15
              ],
              "inflate": 0
            }
          ]
        }
      ]
    }
  ]
}