{
  "format_version": "1.12.0",
  "minecraft:geometry": [
    {
      "description": {
        "identifier": "geometry.mc_plant_4",
        "texture_width": 64,
        "texture_height": 64,
        "visible_bounds_width": 3,
        "visible_bounds_height": 2.5,
        "visible_bounds_offset": [
          0,
          0.75,
          0
        ]
      },
      "bones": [
        {
          "name": "bone",
          "pivot": [
            0,
            0,
            0
          ],
          "cubes": [
            {
              "origin": [
                1.0,
                0.0,
                -7.0
              ],
              "size": [
                6.0,
                1.0,
                6.0
              ],
              "uv": [
                16,
                7
              ],
              "inflate": 0
            },
            {
              "origin": [
                2.0,
                1.0,
                -6.0
              ],
              "size": [
                4.0,
                7.0,
                4.0
              ],
              "uv": [
                12,
                25
              ],
              "inflate": 0
            },
            {
              "origin": [
                1.0,
                1.0,
                -2.0
              ],
              "size": [
                6.0,
                5.0,
                1.0
              ],
              "uv": [
                12,
                42
              ],
              "inflate": 0
            },
            {
              "origin": [
                1.0,
                1.0,
                -6.0
              ],
              "size": [
                1.0,
                5.0,
                5.0
              ],
              "uv": [
                0,
                36
              ],
              "inflate": 0
            },
            {
              "origin": [
                0.0,
                6.0,
                -2.0
              ],
              "size": [
                8.0,
                2.0,
                2.0
              ],
              "uv": [
                26,
                34
              ],
              "inflate": 0
            },
            {
              "origin": [
                0.0,
                6.0,
                -8.0
              ],
              "size": [
                8.0,
                2.0,
                2.0
              ],
              "uv": [
                34,
                8
              ],
              "inflate": 0
            },
            {
              "origin": [
                1.0,
                1.0,
                -7.0
              ],
              "size": [
                6.0,
                5.0,
                1.0
              ],
              "uv": [
                40,
                38
              ],
              "inflate": 0
            },
            {
              "origin": [
                6.0,
                6.0,
                -6.0
              ],
              "size": [
                2.0,
                2.0,
                4.0
              ],
              "uv": [
                0,
                46
              ],
              "inflate": 0
            },
            {
              "origin": [
                0.0,
                6.0,
                -6.0
              ],
              "size": [
                2.0,
                2.0,
                4.0
              ],
              "uv": [
                44,
                44
              ],
              "inflate": 0
            },
            {
              "origin": [
                6.0,
                1.0,
                -6.0
              ],
              "size": [
                1.0,
                5.0,
                4.0
              ],
              "uv": [
                22,
                44
              ],
              "inflate": 0
            }
          ]
        },
        {
          "name": "bone2",
          "pivot": [
            -8,
            0,
            8
          ],
          "cubes": [
            {
              "origin": [
                -7.0,
                0.0,
                1.0
              ],
              "size": [
                6.0,
                1.0,
                6.0
              ],
              "uv": [
                0,
                0
              ],
              "inflate": 0
            },
            {
              "origin": [
                -6.0,
                1.0,
                2.0
              ],
              "size": [
                4.0,
                7.0,
                4.0
              ],
              "uv": [
                16,
                14
              ],
              "inflate": 0
            },
            {
              "origin": [
                -7.0,
                1.0,
                6.0
              ],
              "size": [
                6.0,
                5.0,
                1.0
              ],
              "uv": [
                26,
                38
              ],
              "inflate": 0
            },
            {
              "origin": [
                -7.0,
                1.0,
                2.0
              ],
              "size": [
                1.0,
                5.0,
                5.0
              ],
              "uv": [
                0,
                26
              ],
              "inflate": 0
            },
            {
              "origin": [
                -8.0,
                6.0,
                6.0
              ],
              "size": [
                8.0,
                2.0,
                2.0
              ],
              "uv": [
                34,
                4
              ],
              "inflate": 0
            },
            {
              "origin": [
                -8.0,
                6.0,
                0.0
              ],
              "size": [
                8.0,
                2.0,
                2.0
              ],
              "uv": [
                18,
                0
              ],
              "inflate": 0
            },
            {
              "origin": [
                -7.0,
                1.0,
                1.0
              ],
              "size": [
                6.0,
                5.0,
                1.0
              ],
              "uv": [
                12,
                36
              ],
              "inflate": 0
            },
            {
              "origin": [
                -2.0,
                6.0,
                2.0
              ],
              "size": [
                2.0,
                2.0,
                4.0
              ],
              "uv": [
                32,
                44
              ],
              "inflate": 0
            },
            {
              "origin": [
                -8.0,
                6.0,
                2.0
              ],
              "size": [
                2.0,
                2.0,
                4.0
              ],
              "uv": [
                44,
                28
              ],
              "inflate": 0
            },
            {
              "origin": [
                -2.0,
                1.0,
                2.0
              ],
              "size": [
                1.0,
                5.0,
                4.0
              ],
              "uv": [
                44,
                19
              ],
              "inflate": 0
            }
          ],
          "parent": "bone"
        },
        {
          "name": "bone3",
          "pivot": [
            0,
            0,
            0
          ],
          "cubes": [
            {
              "origin": [
                -8.0,
                8.0,
                4.0
              ],
              "size": [
                8.0,
                9.0,
                0.0
              ],
              "uv": [
                32,
                14
              ],
              "inflate": 0
            },
            {
              "origin": [
                0.0,
                8.0,
                -4.0
              ],
              "size": [
                8.0,
                9.0,
                0.0
              ],
              "uv": [
                28,
                25
              ],
              "inflate": 0
            },
            {
              "origin": [
                -4.0,
                8.0,
                0.0
              ],
              "size": [
                0.0,
                9.0,
                8.0
              ],
              "uv": [
                0,
                9
              ],
              "inflate": 0
            },
            {
              "origin": [
                4.0,
                8.0,
                -8.0
              ],
              "size": [
                0.0,
                9.0,
                8.0
              ],
              "uv": [
                0,
                0
              ],
              "inflate": 0
            }
          ]
        }
      ]
    }
  ]
}