{
  "format_version": "1.12.0",
  "minecraft:geometry": [
    {
      "description": {
        "identifier": "geometry.mc_plant3",
        "texture_width": 128,
        "texture_height": 128,
        "visible_bounds_width": 2,
        "visible_bounds_height": 3.5,
        "visible_bounds_offset": [
          0,
          1.25,
          0
        ]
      },
      "bones": [
        {
          "name": "bone",
          "pivot": [
            0,
            0,
            0
          ],
          "cubes": [
            {
              "origin": [
                -7.0,
                0.0,
                -7.0
              ],
              "size": [
                14.0,
                1.0,
                14.0
              ],
              "uv": [
                0,
                23
              ],
              "inflate": 0
            },
            {
              "origin": [
                -7.0,
                1.0,
                6.0
              ],
              "size": [
                14.0,
                8.0,
                1.0
              ],
              "uv": [
                64,
                34
              ],
              "inflate": 0
            },
            {
              "origin": [
                -7.0,
                1.0,
                -6.0
              ],
              "size": [
                1.0,
                8.0,
                12.0
              ],
              "uv": [
                52,
                45
              ],
              "inflate": 0
            },
            {
              "origin": [
                6.0,
                1.0,
                -6.0
              ],
              "size": [
                1.0,
                8.0,
                12.0
              ],
              "uv": [
                42,
                11
              ],
              "inflate": 0
            },
            {
              "origin": [
                -7.0,
                1.0,
                -7.0
              ],
              "size": [
                14.0,
                8.0,
                1.0
              ],
              "uv": [
                36,
                0
              ],
              "inflate": 0
            },
            {
              "origin": [
                -8.0,
                9.0,
                6.0
              ],
              "size": [
                16.0,
                3.0,
                2.0
              ],
              "uv": [
                0,
                62
              ],
              "inflate": 0
            },
            {
              "origin": [
                -8.0,
                9.0,
                -8.0
              ],
              "size": [
                16.0,
                3.0,
                2.0
              ],
              "uv": [
                0,
                57
              ],
              "inflate": 0
            },
            {
              "origin": [
                -8.0,
                9.0,
                -6.0
              ],
              "size": [
                2.0,
                3.0,
                12.0
              ],
              "uv": [
                56,
                19
              ],
              "inflate": 0
            },
            {
              "origin": [
                6.0,
                9.0,
                -6.0
              ],
              "size": [
                2.0,
                3.0,
                12.0
              ],
              "uv": [
                56,
                0
              ],
              "inflate": 0
            },
            {
              "origin": [
                -6.0,
                1.0,
                -6.0
              ],
              "size": [
                12.0,
                11.0,
                12.0
              ],
              "uv": [
                0,
                0
              ],
              "inflate": 0
            },
            {
              "origin": [
                -8.0,
                12.0,
                0.0
              ],
              "size": [
                16.0,
                19.0,
                0.0
              ],
              "pivot": [
                0.0,
                0.0,
                0.0
              ],
              "rotation": [
                0.0,
                42.5,
                0.0
              ],
              "uv": [
                32,
                38
              ],
              "inflate": 0
            },
            {
              "origin": [
                0.0,
                12.0,
                -8.0
              ],
              "size": [
                0.0,
                19.0,
                16.0
              ],
              "pivot": [
                0.0,
                0.0,
                0.0
              ],
              "rotation": [
                0.0,
                45.0,
                0.0
              ],
              "uv": [
                0,
                22
              ],
              "inflate": 0
            }
          ]
        }
      ]
    }
  ]
}