{
  "format_version": "1.12.0",
  "minecraft:geometry": [
    {
      "description": {
        "identifier": "geometry.mc_rattan_sofa_b",
        "texture_width": 128,
        "texture_height": 128,
        "visible_bounds_width": 3,
        "visible_bounds_height": 2.5,
        "visible_bounds_offset": [
          0,
          0.75,
          0
        ]
      },
      "bones": [
        {
          "name": "bone",
          "pivot": [
            0,
            0,
            0
          ],
          "cubes": [
            {
              "origin": [
                -9.0,
                0.0,
                -8.0
              ],
              "size": [
                18.0,
                16.0,
                3.0
              ],
              "uv": [
                0,
                30
              ],
              "inflate": 0
            },
            {
              "origin": [
                6.0,
                0.0,
                -5.0
              ],
              "size": [
                3.0,
                12.0,
                14.0
              ],
              "uv": [
                36,
                1
              ],
              "inflate": 0
            },
            {
              "origin": [
                -9.0,
                0.0,
                -5.0
              ],
              "size": [
                3.0,
                12.0,
                14.0
              ],
              "uv": [
                28,
                35
              ],
              "inflate": 0
            },
            {
              "origin": [
                -6.0,
                1.0,
                -5.0
              ],
              "size": [
                12.0,
                2.0,
                13.0
              ],
              "uv": [
                0,
                0
              ],
              "inflate": 0
            },
            {
              "origin": [
                -6.0,
                6.0,
                -5.0
              ],
              "size": [
                12.0,
                9.0,
                3.0
              ],
              "uv": [
                48,
                27
              ],
              "inflate": 0
            },
            {
              "origin": [
                -6.0,
                3.0,
                -5.0
              ],
              "size": [
                12.0,
                3.0,
                12.0
              ],
              "uv": [
                0,
                15
              ],
              "inflate": 0
            }
          ]
        }
      ]
    }
  ]
}