{
  "format_version": "1.12.0",
  "minecraft:geometry": [
    {
      "description": {
        "identifier": "geometry.mc_schoolchair",
        "texture_width": 64,
        "texture_height": 64,
        "visible_bounds_width": 2,
        "visible_bounds_height": 2.5,
        "visible_bounds_offset": [
          0,
          0.75,
          0
        ]
      },
      "bones": [
        {
          "name": "bone",
          "pivot": [
            0,
            0,
            0
          ],
          "cubes": [
            {
              "origin": [
                6.0,
                3.0,
                -1.0
              ],
              "size": [
                1.0,
                5.0,
                2.0
              ],
              "uv": [
                6,
                29
              ],
              "inflate": 0
            },
            {
              "origin": [
                -7.0,
                3.0,
                -1.0
              ],
              "size": [
                1.0,
                5.0,
                2.0
              ],
              "uv": [
                0,
                29
              ],
              "inflate": 0
            },
            {
              "origin": [
                -7.0,
                8.0,
                -6.0
              ],
              "size": [
                14.0,
                2.0,
                13.0
              ],
              "uv": [
                0,
                0
              ],
              "inflate": 0
            },
            {
              "origin": [
                -6.0,
                8.0,
                -7.0
              ],
              "size": [
                1.0,
                1.0,
                1.0
              ],
              "uv": [
                16,
                29
              ],
              "inflate": 0
            },
            {
              "origin": [
                -6.0,
                8.0,
                -8.0
              ],
              "size": [
                1.0,
                12.0,
                1.0
              ],
              "uv": [
                4,
                0
              ],
              "inflate": 0
            },
            {
              "origin": [
                5.0,
                8.0,
                -8.0
              ],
              "size": [
                1.0,
                12.0,
                1.0
              ],
              "uv": [
                0,
                0
              ],
              "inflate": 0
            },
            {
              "origin": [
                5.0,
                8.0,
                -7.0
              ],
              "size": [
                1.0,
                1.0,
                1.0
              ],
              "uv": [
                4,
                29
              ],
              "inflate": 0
            },
            {
              "origin": [
                -7.0,
                12.0,
                -7.0
              ],
              "size": [
                14.0,
                9.0,
                2.0
              ],
              "uv": [
                0,
                15
              ],
              "inflate": 0
            },
            {
              "origin": [
                6.0,
                2.0,
                -3.0
              ],
              "size": [
                1.0,
                1.0,
                6.0
              ],
              "uv": [
                22,
                27
              ],
              "inflate": 0
            },
            {
              "origin": [
                6.0,
                0.0,
                3.0
              ],
              "size": [
                1.0,
                3.0,
                1.0
              ],
              "uv": [
                12,
                29
              ],
              "inflate": 0
            },
            {
              "origin": [
                -7.0,
                0.0,
                3.0
              ],
              "size": [
                1.0,
                3.0,
                1.0
              ],
              "uv": [
                8,
                4
              ],
              "inflate": 0
            },
            {
              "origin": [
                6.0,
                0.0,
                -4.0
              ],
              "size": [
                1.0,
                3.0,
                1.0
              ],
              "uv": [
                8,
                8
              ],
              "inflate": 0
            },
            {
              "origin": [
                -7.0,
                0.0,
                -4.0
              ],
              "size": [
                1.0,
                3.0,
                1.0
              ],
              "uv": [
                8,
                0
              ],
              "inflate": 0
            },
            {
              "origin": [
                -7.0,
                2.0,
                -3.0
              ],
              "size": [
                1.0,
                1.0,
                6.0
              ],
              "uv": [
                26,
                20
              ],
              "inflate": 0
            },
            {
              "origin": [
                -6.0,
                2.0,
                -1.0
              ],
              "size": [
                12.0,
                1.0,
                2.0
              ],
              "uv": [
                0,
                26
              ],
              "inflate": 0
            }
          ]
        }
      ]
    }
  ]
}