{
  "format_version": "1.12.0",
  "minecraft:geometry": [
    {
      "description": {
        "identifier": "geometry.mc_stonepath",
        "texture_width": 32,
        "texture_height": 32,
        "visible_bounds_width": 2,
        "visible_bounds_height": 1.5,
        "visible_bounds_offset": [
          0,
          0.25,
          0
        ]
      },
      "bones": [
        {
          "name": "bone",
          "pivot": [
            0,
            0,
            0
          ],
          "cubes": [
            {
              "origin": [
                3.0,
                0.0,
                4.0
              ],
              "size": [
                3.0,
                1.0,
                3.0
              ],
              "uv": [
                0,
                9
              ],
              "inflate": 0
            },
            {
              "origin": [
                -6.0,
                0.0,
                -6.0
              ],
              "size": [
                4.0,
                1.0,
                4.0
              ],
              "uv": [
                0,
                0
              ],
              "inflate": 0
            },
            {
              "origin": [
                4.0,
                0.0,
                -5.0
              ],
              "size": [
                2.0,
                1.0,
                2.0
              ],
              "uv": [
                11,
                5
              ],
              "inflate": 0
            },
            {
              "origin": [
                -6.0,
                0.0,
                3.0
              ],
              "size": [
                2.0,
                1.0,
                2.0
              ],
              "uv": [
                9,
                9
              ],
              "inflate": 0
            },
            {
              "origin": [
                0.0,
                0.0,
                -1.0
              ],
              "size": [
                4.0,
                1.0,
                3.0
              ],
              "uv": [
                0,
                5
              ],
              "inflate": 0
            }
          ]
        }
      ]
    }
  ]
}