{
  "format_version": "1.12.0",
  "minecraft:geometry": [
    {
      "description": {
        "identifier": "geometry.mc_schooltable",
        "texture_width": 128,
        "texture_height": 128,
        "visible_bounds_width": 2,
        "visible_bounds_height": 2.5,
        "visible_bounds_offset": [
          0,
          0.75,
          0
        ]
      },
      "bones": [
        {
          "name": "bone",
          "pivot": [
            0,
            0,
            0
          ],
          "cubes": [
            {
              "origin": [
                -8.0,
                14.0,
                -8.0
              ],
              "size": [
                16.0,
                2.0,
                16.0
              ],
              "uv": [
                0,
                0
              ],
              "inflate": 0
            },
            {
              "origin": [
                -7.0,
                10.0,
                -7.0
              ],
              "size": [
                14.0,
                1.0,
                15.0
              ],
              "uv": [
                0,
                34
              ],
              "inflate": 0
            },
            {
              "origin": [
                -7.0,
                13.0,
                -7.0
              ],
              "size": [
                14.0,
                1.0,
                15.0
              ],
              "uv": [
                0,
                18
              ],
              "inflate": 0
            },
            {
              "origin": [
                6.0,
                11.0,
                -7.0
              ],
              "size": [
                1.0,
                2.0,
                15.0
              ],
              "uv": [
                43,
                36
              ],
              "inflate": 0
            },
            {
              "origin": [
                -7.0,
                11.0,
                -7.0
              ],
              "size": [
                1.0,
                2.0,
                15.0
              ],
              "uv": [
                43,
                19
              ],
              "inflate": 0
            },
            {
              "origin": [
                -6.0,
                11.0,
                -7.0
              ],
              "size": [
                12.0,
                2.0,
                1.0
              ],
              "uv": [
                48,
                3
              ],
              "inflate": 0
            },
            {
              "origin": [
                7.0,
                3.0,
                -1.0
              ],
              "size": [
                1.0,
                11.0,
                2.0
              ],
              "uv": [
                6,
                18
              ],
              "inflate": 0
            },
            {
              "origin": [
                -8.0,
                3.0,
                -1.0
              ],
              "size": [
                1.0,
                11.0,
                2.0
              ],
              "uv": [
                0,
                18
              ],
              "inflate": 0
            },
            {
              "origin": [
                7.0,
                2.0,
                -3.0
              ],
              "size": [
                1.0,
                1.0,
                6.0
              ],
              "uv": [
                0,
                7
              ],
              "inflate": 0
            },
            {
              "origin": [
                -7.0,
                2.0,
                -1.0
              ],
              "size": [
                14.0,
                1.0,
                2.0
              ],
              "uv": [
                48,
                0
              ],
              "inflate": 0
            },
            {
              "origin": [
                -8.0,
                2.0,
                -3.0
              ],
              "size": [
                1.0,
                1.0,
                6.0
              ],
              "uv": [
                0,
                0
              ],
              "inflate": 0
            },
            {
              "origin": [
                7.0,
                0.0,
                -4.0
              ],
              "size": [
                1.0,
                3.0,
                1.0
              ],
              "uv": [
                8,
                7
              ],
              "inflate": 0
            },
            {
              "origin": [
                -8.0,
                0.0,
                -4.0
              ],
              "size": [
                1.0,
                3.0,
                1.0
              ],
              "uv": [
                0,
                0
              ],
              "inflate": 0
            },
            {
              "origin": [
                7.0,
                0.0,
                3.0
              ],
              "size": [
                1.0,
                3.0,
                1.0
              ],
              "uv": [
                8,
                0
              ],
              "inflate": 0
            },
            {
              "origin": [
                -8.0,
                0.0,
                3.0
              ],
              "size": [
                1.0,
                3.0,
                1.0
              ],
              "uv": [
                0,
                7
              ],
              "inflate": 0
            }
          ]
        }
      ]
    }
  ]
}