{
  "format_version": "1.12.0",
  "minecraft:geometry": [
    {
      "description": {
        "identifier": "geometry.pa_acaciashelfunit",
        "texture_width": 128,
        "texture_height": 128,
        "visible_bounds_width": 2,
        "visible_bounds_height": 3.5,
        "visible_bounds_offset": [
          0,
          1.25,
          0
        ]
      },
      "bones": [
        {
          "name": "bone",
          "pivot": [
            0,
            0,
            0
          ],
          "cubes": [
            {
              "origin": [
                -8.0,
                16.0,
                -8.0
              ],
              "size": [
                1.0,
                16.0,
                16.0
              ],
              "rotation": [
                0.0,
                0.0,
                0.0
              ],
              "uv": [
                34,
                63
              ],
              "inflate": 0
            },
            {
              "origin": [
                -7.0,
                16.0,
                -8.0
              ],
              "size": [
                14.0,
                16.0,
                1.0
              ],
              "rotation": [
                0.0,
                0.0,
                0.0
              ],
              "uv": [
                29,
                28
              ],
              "inflate": 0
            },
            {
              "origin": [
                7.0,
                16.0,
                -8.0
              ],
              "size": [
                1.0,
                16.0,
                16.0
              ],
              "rotation": [
                0.0,
                0.0,
                0.0
              ],
              "uv": [
                35,
                63
              ],
              "inflate": 0
            },
            {
              "origin": [
                -8.0,
                32.0,
                -8.0
              ],
              "size": [
                16.0,
                1.0,
                16.0
              ],
              "rotation": [
                0.0,
                0.0,
                0.0
              ],
              "uv": [
                0,
                29
              ],
              "inflate": 0
            }
          ],
          "rotation": [
            0,
            0,
            0
          ],
          "bind_pose_rotation": [
            0,
            0,
            0
          ]
        },
        {
          "name": "bone2",
          "pivot": [
            0,
            0,
            0
          ],
          "cubes": [
            {
              "origin": [
                -7.0,
                15.0,
                -7.0
              ],
              "size": [
                14.0,
                1.0,
                15.0
              ],
              "rotation": [
                0.0,
                0.0,
                0.0
              ],
              "uv": [
                34,
                79
              ],
              "inflate": 0
            },
            {
              "origin": [
                -7.0,
                0.0,
                -7.0
              ],
              "size": [
                14.0,
                1.0,
                15.0
              ],
              "rotation": [
                0.0,
                0.0,
                0.0
              ],
              "uv": [
                1,
                30
              ],
              "inflate": 0
            },
            {
              "origin": [
                -7.0,
                0.0,
                -8.0
              ],
              "size": [
                14.0,
                16.0,
                1.0
              ],
              "rotation": [
                0.0,
                0.0,
                0.0
              ],
              "uv": [
                18,
                29
              ],
              "inflate": 0
            },
            {
              "origin": [
                -8.0,
                0.0,
                -8.0
              ],
              "size": [
                1.0,
                16.0,
                16.0
              ],
              "rotation": [
                0.0,
                0.0,
                0.0
              ],
              "uv": [
                34,
                63
              ],
              "inflate": 0
            },
            {
              "origin": [
                7.0,
                0.0,
                -8.0
              ],
              "size": [
                1.0,
                16.0,
                16.0
              ],
              "rotation": [
                0.0,
                0.0,
                0.0
              ],
              "uv": [
                68,
                63
              ],
              "inflate": 0
            },
            {
              "origin": [
                -7.0,
                1.0,
                -7.0
              ],
              "size": [
                14.0,
                14.0,
                15.0
              ],
              "rotation": [
                0.0,
                0.0,
                0.0
              ],
              "uv": [
                0,
                0
              ],
              "inflate": 0
            }
          ],
          "rotation": [
            0,
            0,
            0
          ],
          "bind_pose_rotation": [
            0,
            0,
            0
          ]
        }
      ]
    }
  ]
}