{
  "format_version": "1.12.0",
  "minecraft:geometry": [
    {
      "description": {
        "identifier": "geometry.pa_basket2",
        "texture_width": 64,
        "texture_height": 64,
        "visible_bounds_width": 2,
        "visible_bounds_height": 2.5,
        "visible_bounds_offset": [
          0,
          0.75,
          0
        ]
      },
      "bones": [
        {
          "name": "bb_main",
          "pivot": [
            0,
            0,
            -17
          ],
          "cubes": [
            {
              "origin": [
                -7.0,
                0.0,
                -24.0
              ],
              "size": [
                14.0,
                1.0,
                12.0
              ],
              "rotation": [
                0.0,
                0.0,
                0.0
              ],
              "uv": [
                0,
                0
              ],
              "inflate": 0
            },
            {
              "origin": [
                -7.0,
                1.0,
                -24.0
              ],
              "size": [
                14.0,
                8.0,
                1.0
              ],
              "rotation": [
                0.0,
                0.0,
                0.0
              ],
              "uv": [
                24,
                13
              ],
              "inflate": 0
            },
            {
              "origin": [
                -7.0,
                1.0,
                -13.0
              ],
              "size": [
                14.0,
                8.0,
                1.0
              ],
              "rotation": [
                0.0,
                0.0,
                0.0
              ],
              "uv": [
                24,
                13
              ],
              "inflate": 0
            },
            {
              "origin": [
                -7.0,
                1.0,
                -23.0
              ],
              "size": [
                1.0,
                8.0,
                10.0
              ],
              "rotation": [
                0.0,
                0.0,
                0.0
              ],
              "uv": [
                20,
                13
              ],
              "inflate": 0
            },
            {
              "origin": [
                6.0,
                1.0,
                -23.0
              ],
              "size": [
                1.0,
                8.0,
                10.0
              ],
              "rotation": [
                0.0,
                0.0,
                0.0
              ],
              "uv": [
                20,
                13
              ],
              "inflate": 0
            },
            {
              "origin": [
                6.0,
                9.0,
                -17.0
              ],
              "size": [
                1.0,
                2.0,
                1.0
              ],
              "rotation": [
                0.0,
                0.0,
                0.0
              ],
              "uv": [
                25,
                8
              ],
              "inflate": 0
            },
            {
              "origin": [
                -7.0,
                9.0,
                -17.0
              ],
              "size": [
                1.0,
                2.0,
                1.0
              ],
              "rotation": [
                0.0,
                0.0,
                0.0
              ],
              "uv": [
                5,
                5
              ],
              "inflate": 0
            },
            {
              "origin": [
                6.0,
                9.0,
                -20.0
              ],
              "size": [
                1.0,
                2.0,
                1.0
              ],
              "rotation": [
                0.0,
                0.0,
                0.0
              ],
              "uv": [
                22,
                7
              ],
              "inflate": 0
            },
            {
              "origin": [
                -7.0,
                9.0,
                -20.0
              ],
              "size": [
                1.0,
                2.0,
                1.0
              ],
              "rotation": [
                0.0,
                0.0,
                0.0
              ],
              "uv": [
                22,
                5
              ],
              "inflate": 0
            },
            {
              "origin": [
                6.0,
                10.0,
                -19.0
              ],
              "size": [
                1.0,
                1.0,
                2.0
              ],
              "rotation": [
                0.0,
                0.0,
                0.0
              ],
              "uv": [
                19,
                7
              ],
              "inflate": 0
            },
            {
              "origin": [
                -7.0,
                10.0,
                -19.0
              ],
              "size": [
                1.0,
                1.0,
                2.0
              ],
              "rotation": [
                0.0,
                0.0,
                0.0
              ],
              "uv": [
                24,
                5
              ],
              "inflate": 0
            }
          ],
          "rotation": [
            0,
            0,
            0
          ],
          "bind_pose_rotation": [
            0,
            0,
            0
          ]
        }
      ]
    }
  ]
}