{
  "format_version": "1.12.0",
  "minecraft:geometry": [
    {
      "description": {
        "identifier": "geometry.pa_closet_acacia",
        "texture_width": 128,
        "texture_height": 128,
        "visible_bounds_width": 3,
        "visible_bounds_height": 5,
        "visible_bounds_offset": [
          0,
          1.5,
          0
        ]
      },
      "bones": [
        {
          "name": "bb_main2",
          "pivot": [
            0,
            0,
            0
          ],
          "cubes": [
            {
              "origin": [
                -5.0,
                8.0,
                -5.0
              ],
              "size": [
                3.0,
                3.0,
                7.0
              ],
              "rotation": [
                0.0,
                0.0,
                0.0
              ],
              "uv": [
                30,
                97
              ],
              "inflate": 0
            }
          ],
          "rotation": [
            0,
            0,
            0
          ],
          "bind_pose_rotation": [
            0,
            0,
            0
          ]
        },
        {
          "name": "bb_main",
          "pivot": [
            0,
            0,
            0
          ],
          "cubes": [
            {
              "origin": [
                -8.0,
                0.0,
                -8.0
              ],
              "size": [
                1.0,
                48.0,
                16.0
              ],
              "pivot": [
                0.0,
                0.0,
                0.0
              ],
              "rotation": [
                -180.0,
                0.0,
                180.0
              ],
              "uv": [
                0,
                0
              ],
              "inflate": 0
            },
            {
              "origin": [
                7.0,
                0.0,
                -8.0
              ],
              "size": [
                1.0,
                48.0,
                16.0
              ],
              "pivot": [
                0.0,
                0.0,
                0.0
              ],
              "rotation": [
                -180.0,
                0.0,
                180.0
              ],
              "uv": [
                0,
                0
              ],
              "inflate": 0
            },
            {
              "origin": [
                -7.0,
                0.0,
                -8.0
              ],
              "size": [
                14.0,
                1.0,
                16.0
              ],
              "pivot": [
                0.0,
                0.0,
                0.0
              ],
              "rotation": [
                -180.0,
                0.0,
                180.0
              ],
              "uv": [
                3,
                46
              ],
              "inflate": 0
            },
            {
              "origin": [
                -8.0,
                48.0,
                -8.0
              ],
              "size": [
                16.0,
                1.0,
                16.0
              ],
              "pivot": [
                0.0,
                0.0,
                0.0
              ],
              "rotation": [
                -180.0,
                0.0,
                180.0
              ],
              "uv": [
                0,
                33
              ],
              "inflate": 0
            },
            {
              "origin": [
                -7.0,
                16.0,
                -8.0
              ],
              "size": [
                14.0,
                1.0,
                15.0
              ],
              "pivot": [
                0.0,
                0.0,
                0.0
              ],
              "rotation": [
                -180.0,
                0.0,
                180.0
              ],
              "uv": [
                4,
                48
              ],
              "inflate": 0
            },
            {
              "origin": [
                -7.0,
                1.0,
                7.0
              ],
              "size": [
                14.0,
                47.0,
                1.0
              ],
              "pivot": [
                0.0,
                0.0,
                0.0
              ],
              "rotation": [
                -180.0,
                0.0,
                180.0
              ],
              "uv": [
                1,
                17
              ],
              "inflate": 0
            },
            {
              "origin": [
                -7.0,
                45.0,
                -1.0
              ],
              "size": [
                14.0,
                1.0,
                1.0
              ],
              "pivot": [
                0.0,
                0.0,
                0.0
              ],
              "rotation": [
                -180.0,
                0.0,
                180.0
              ],
              "uv": [
                10,
                56
              ],
              "inflate": 0
            },
            {
              "origin": [
                -1.0,
                8.0,
                -6.0
              ],
              "size": [
                7.0,
                5.0,
                10.0
              ],
              "rotation": [
                0.0,
                0.0,
                0.0
              ],
              "uv": [
                41,
                72
              ],
              "inflate": 0
            }
          ],
          "rotation": [
            0,
            0,
            0
          ],
          "bind_pose_rotation": [
            0,
            0,
            0
          ]
        },
        {
          "name": "Shirts",
          "pivot": [
            8,
            19,
            0
          ],
          "cubes": [
            {
              "origin": [
                -5.0,
                30.0,
                -4.0
              ],
              "size": [
                1.0,
                11.0,
                9.0
              ],
              "pivot": [
                0.0,
                17.0,
                0.0
              ],
              "rotation": [
                -180.0,
                0.0,
                180.0
              ],
              "uv": [
                50,
                87
              ],
              "inflate": 0
            },
            {
              "origin": [
                -5.0,
                36.0,
                -6.0
              ],
              "size": [
                1.0,
                5.0,
                2.0
              ],
              "pivot": [
                0.0,
                17.0,
                0.0
              ],
              "rotation": [
                -180.0,
                0.0,
                180.0
              ],
              "uv": [
                57,
                98
              ],
              "inflate": 0
            },
            {
              "origin": [
                -5.0,
                43.0,
                -1.0
              ],
              "size": [
                1.0,
                1.0,
                3.0
              ],
              "pivot": [
                0.0,
                17.0,
                0.0
              ],
              "rotation": [
                -180.0,
                0.0,
                180.0
              ],
              "uv": [
                94,
                2
              ],
              "inflate": 0
            },
            {
              "origin": [
                -5.0,
                45.0,
                -2.0
              ],
              "size": [
                1.0,
                1.0,
                1.0
              ],
              "pivot": [
                0.0,
                17.0,
                0.0
              ],
              "rotation": [
                -180.0,
                0.0,
                180.0
              ],
              "uv": [
                94,
                0
              ],
              "inflate": 0
            },
            {
              "origin": [
                -5.0,
                46.0,
                -2.0
              ],
              "size": [
                1.0,
                1.0,
                2.0
              ],
              "pivot": [
                0.0,
                17.0,
                0.0
              ],
              "rotation": [
                -180.0,
                0.0,
                180.0
              ],
              "uv": [
                90,
                8
              ],
              "inflate": 0
            },
            {
              "origin": [
                -5.0,
                44.0,
                0.0
              ],
              "size": [
                1.0,
                3.0,
                1.0
              ],
              "pivot": [
                0.0,
                17.0,
                0.0
              ],
              "rotation": [
                -180.0,
                0.0,
                180.0
              ],
              "uv": [
                85,
                4
              ],
              "inflate": 0
            },
            {
              "origin": [
                -5.0,
                36.0,
                5.0
              ],
              "size": [
                1.0,
                5.0,
                2.0
              ],
              "pivot": [
                0.0,
                17.0,
                0.0
              ],
              "rotation": [
                -180.0,
                0.0,
                180.0
              ],
              "uv": [
                61,
                97
              ],
              "inflate": 0
            },
            {
              "origin": [
                -5.0,
                41.0,
                -2.0
              ],
              "size": [
                1.0,
                2.0,
                5.0
              ],
              "pivot": [
                0.0,
                17.0,
                0.0
              ],
              "rotation": [
                -180.0,
                0.0,
                180.0
              ],
              "uv": [
                95,
                3
              ],
              "inflate": 0
            }
          ],
          "rotation": [
            0,
            0,
            0
          ],
          "bind_pose_rotation": [
            0,
            0,
            0
          ]
        },
        {
          "name": "Shirts2",
          "pivot": [
            11,
            19,
            0
          ],
          "cubes": [
            {
              "origin": [
                -2.0,
                27.0,
                1.0
              ],
              "size": [
                1.0,
                11.0,
                4.0
              ],
              "pivot": [
                0.0,
                17.0,
                0.0
              ],
              "rotation": [
                -180.0,
                0.0,
                180.0
              ],
              "uv": [
                40,
                72
              ],
              "inflate": 0
            },
            {
              "origin": [
                -2.0,
                27.0,
                -4.0
              ],
              "size": [
                1.0,
                11.0,
                4.0
              ],
              "pivot": [
                0.0,
                17.0,
                0.0
              ],
              "rotation": [
                -180.0,
                0.0,
                180.0
              ],
              "uv": [
                50,
                72
              ],
              "inflate": 0
            },
            {
              "origin": [
                -2.0,
                43.0,
                -1.0
              ],
              "size": [
                1.0,
                1.0,
                3.0
              ],
              "pivot": [
                0.0,
                17.0,
                0.0
              ],
              "rotation": [
                -180.0,
                0.0,
                180.0
              ],
              "uv": [
                94,
                5
              ],
              "inflate": 0
            },
            {
              "origin": [
                -2.0,
                45.0,
                -2.0
              ],
              "size": [
                1.0,
                1.0,
                1.0
              ],
              "pivot": [
                0.0,
                17.0,
                0.0
              ],
              "rotation": [
                -180.0,
                0.0,
                180.0
              ],
              "uv": [
                100,
                4
              ],
              "inflate": 0
            },
            {
              "origin": [
                -2.0,
                46.0,
                -2.0
              ],
              "size": [
                1.0,
                1.0,
                2.0
              ],
              "pivot": [
                0.0,
                17.0,
                0.0
              ],
              "rotation": [
                -180.0,
                0.0,
                180.0
              ],
              "uv": [
                89,
                5
              ],
              "inflate": 0
            },
            {
              "origin": [
                -2.0,
                44.0,
                0.0
              ],
              "size": [
                1.0,
                3.0,
                1.0
              ],
              "pivot": [
                0.0,
                17.0,
                0.0
              ],
              "rotation": [
                -180.0,
                0.0,
                180.0
              ],
              "uv": [
                100,
                0
              ],
              "inflate": 0
            },
            {
              "origin": [
                -2.0,
                41.0,
                -2.0
              ],
              "size": [
                1.0,
                2.0,
                5.0
              ],
              "pivot": [
                0.0,
                17.0,
                0.0
              ],
              "rotation": [
                -180.0,
                0.0,
                180.0
              ],
              "uv": [
                95,
                2
              ],
              "inflate": 0
            },
            {
              "origin": [
                -2.0,
                38.0,
                -4.0
              ],
              "size": [
                1.0,
                3.0,
                9.0
              ],
              "pivot": [
                0.0,
                17.0,
                0.0
              ],
              "rotation": [
                -180.0,
                0.0,
                180.0
              ],
              "uv": [
                42,
                74
              ],
              "inflate": 0
            }
          ],
          "rotation": [
            0,
            0,
            0
          ],
          "bind_pose_rotation": [
            0,
            0,
            0
          ]
        },
        {
          "name": "Shirts3",
          "pivot": [
            14,
            19,
            0
          ],
          "cubes": [
            {
              "origin": [
                1.0,
                26.0,
                -4.0
              ],
              "size": [
                1.0,
                15.0,
                9.0
              ],
              "pivot": [
                0.0,
                17.0,
                0.0
              ],
              "rotation": [
                -180.0,
                0.0,
                180.0
              ],
              "uv": [
                74,
                72
              ],
              "inflate": 0
            },
            {
              "origin": [
                1.0,
                43.0,
                -1.0
              ],
              "size": [
                1.0,
                1.0,
                3.0
              ],
              "pivot": [
                0.0,
                17.0,
                0.0
              ],
              "rotation": [
                -180.0,
                0.0,
                180.0
              ],
              "uv": [
                101,
                4
              ],
              "inflate": 0
            },
            {
              "origin": [
                1.0,
                45.0,
                -2.0
              ],
              "size": [
                1.0,
                1.0,
                1.0
              ],
              "pivot": [
                0.0,
                17.0,
                0.0
              ],
              "rotation": [
                -180.0,
                0.0,
                180.0
              ],
              "uv": [
                100,
                3
              ],
              "inflate": 0
            },
            {
              "origin": [
                1.0,
                46.0,
                -2.0
              ],
              "size": [
                1.0,
                1.0,
                2.0
              ],
              "pivot": [
                0.0,
                17.0,
                0.0
              ],
              "rotation": [
                -180.0,
                0.0,
                180.0
              ],
              "uv": [
                92,
                0
              ],
              "inflate": 0
            },
            {
              "origin": [
                1.0,
                44.0,
                0.0
              ],
              "size": [
                1.0,
                3.0,
                1.0
              ],
              "pivot": [
                0.0,
                17.0,
                0.0
              ],
              "rotation": [
                -180.0,
                0.0,
                180.0
              ],
              "uv": [
                99,
                6
              ],
              "inflate": 0
            },
            {
              "origin": [
                1.0,
                41.0,
                -2.0
              ],
              "size": [
                1.0,
                2.0,
                5.0
              ],
              "pivot": [
                0.0,
                17.0,
                0.0
              ],
              "rotation": [
                -180.0,
                0.0,
                180.0
              ],
              "uv": [
                95,
                1
              ],
              "inflate": 0
            }
          ],
          "rotation": [
            0,
            0,
            0
          ],
          "bind_pose_rotation": [
            0,
            0,
            0
          ]
        },
        {
          "name": "Shirts4",
          "pivot": [
            17,
            19,
            0
          ],
          "cubes": [
            {
              "origin": [
                4.0,
                28.0,
                -4.0
              ],
              "size": [
                1.0,
                13.0,
                9.0
              ],
              "pivot": [
                0.0,
                17.0,
                0.0
              ],
              "rotation": [
                -180.0,
                0.0,
                180.0
              ],
              "uv": [
                30,
                87
              ],
              "inflate": 0
            },
            {
              "origin": [
                4.0,
                34.0,
                -6.0
              ],
              "size": [
                1.0,
                7.0,
                2.0
              ],
              "pivot": [
                0.0,
                17.0,
                0.0
              ],
              "rotation": [
                -180.0,
                0.0,
                180.0
              ],
              "uv": [
                37,
                97
              ],
              "inflate": 0
            },
            {
              "origin": [
                4.0,
                43.0,
                -1.0
              ],
              "size": [
                1.0,
                1.0,
                3.0
              ],
              "pivot": [
                0.0,
                17.0,
                0.0
              ],
              "rotation": [
                -180.0,
                0.0,
                180.0
              ],
              "uv": [
                98,
                5
              ],
              "inflate": 0
            },
            {
              "origin": [
                4.0,
                45.0,
                -2.0
              ],
              "size": [
                1.0,
                1.0,
                1.0
              ],
              "pivot": [
                0.0,
                17.0,
                0.0
              ],
              "rotation": [
                -180.0,
                0.0,
                180.0
              ],
              "uv": [
                96,
                8
              ],
              "inflate": 0
            },
            {
              "origin": [
                4.0,
                46.0,
                -2.0
              ],
              "size": [
                1.0,
                1.0,
                2.0
              ],
              "pivot": [
                0.0,
                17.0,
                0.0
              ],
              "rotation": [
                -180.0,
                0.0,
                180.0
              ],
              "uv": [
                91,
                8
              ],
              "inflate": 0
            },
            {
              "origin": [
                4.0,
                44.0,
                0.0
              ],
              "size": [
                1.0,
                3.0,
                1.0
              ],
              "pivot": [
                0.0,
                17.0,
                0.0
              ],
              "rotation": [
                -180.0,
                0.0,
                180.0
              ],
              "uv": [
                102,
                4
              ],
              "inflate": 0
            },
            {
              "origin": [
                4.0,
                35.0,
                5.0
              ],
              "size": [
                1.0,
                6.0,
                2.0
              ],
              "pivot": [
                0.0,
                17.0,
                0.0
              ],
              "rotation": [
                -180.0,
                0.0,
                180.0
              ],
              "uv": [
                37,
                100
              ],
              "inflate": 0
            },
            {
              "origin": [
                4.0,
                41.0,
                -2.0
              ],
              "size": [
                1.0,
                2.0,
                5.0
              ],
              "pivot": [
                0.0,
                17.0,
                0.0
              ],
              "rotation": [
                -180.0,
                0.0,
                180.0
              ],
              "uv": [
                98,
                2
              ],
              "inflate": 0
            },
            {
              "origin": [
                -7.0,
                1.0,
                -8.0
              ],
              "size": [
                14.0,
                7.0,
                15.0
              ],
              "pivot": [
                0.0,
                17.0,
                0.0
              ],
              "rotation": [
                -180.0,
                0.0,
                180.0
              ],
              "uv": [
                53,
                50
              ],
              "inflate": 0
            }
          ],
          "rotation": [
            0,
            0,
            0
          ],
          "bind_pose_rotation": [
            0,
            0,
            0
          ]
        }
      ]
    }
  ]
}