{
  "format_version": "1.12.0",
  "minecraft:geometry": [
    {
      "description": {
        "identifier": "geometry.pa_drawer_oak",
        "texture_width": 128,
        "texture_height": 128,
        "visible_bounds_width": 4,
        "visible_bounds_height": 5,
        "visible_bounds_offset": [
          0,
          1.5,
          0
        ]
      },
      "bones": [
        {
          "name": "bb_main",
          "pivot": [
            0,
            0,
            0
          ],
          "cubes": [
            {
              "origin": [
                -23.0,
                2.0,
                -8.0
              ],
              "size": [
                30.0,
                14.0,
                14.0
              ],
              "rotation": [
                0.0,
                0.0,
                0.0
              ],
              "uv": [
                0,
                0
              ],
              "inflate": 0
            },
            {
              "origin": [
                7.0,
                0.0,
                -8.0
              ],
              "size": [
                1.0,
                16.0,
                15.0
              ],
              "rotation": [
                0.0,
                0.0,
                0.0
              ],
              "uv": [
                0,
                46
              ],
              "inflate": 0
            },
            {
              "origin": [
                -24.0,
                0.0,
                -8.0
              ],
              "size": [
                1.0,
                16.0,
                15.0
              ],
              "rotation": [
                0.0,
                0.0,
                0.0
              ],
              "uv": [
                32,
                46
              ],
              "inflate": 0
            },
            {
              "origin": [
                -1.0,
                3.0,
                6.0
              ],
              "size": [
                7.0,
                12.0,
                1.0
              ],
              "rotation": [
                0.0,
                0.0,
                0.0
              ],
              "uv": [
                73,
                28
              ],
              "inflate": 0
            },
            {
              "origin": [
                -13.0,
                9.0,
                6.0
              ],
              "size": [
                10.0,
                5.0,
                1.0
              ],
              "rotation": [
                0.0,
                0.0,
                0.0
              ],
              "uv": [
                7,
                84
              ],
              "inflate": 0
            },
            {
              "origin": [
                -22.0,
                3.0,
                4.0
              ],
              "size": [
                7.0,
                12.0,
                3.0
              ],
              "rotation": [
                0.0,
                0.0,
                0.0
              ],
              "uv": [
                17,
                46
              ],
              "inflate": 0
            },
            {
              "origin": [
                -13.0,
                3.0,
                5.0
              ],
              "size": [
                10.0,
                5.0,
                2.0
              ],
              "rotation": [
                0.0,
                0.0,
                0.0
              ],
              "uv": [
                68,
                58
              ],
              "inflate": 0
            }
          ],
          "rotation": [
            0,
            0,
            0
          ],
          "bind_pose_rotation": [
            0,
            0,
            0
          ]
        },
        {
          "name": "bone",
          "pivot": [
            0,
            0,
            0
          ],
          "cubes": [
            {
              "origin": [
                -9.0,
                12.0,
                7.0
              ],
              "size": [
                2.0,
                1.0,
                1.0
              ],
              "rotation": [
                0.0,
                0.0,
                0.0
              ],
              "uv": [
                0,
                6
              ],
              "inflate": 0
            },
            {
              "origin": [
                -9.0,
                6.0,
                7.0
              ],
              "size": [
                2.0,
                1.0,
                1.0
              ],
              "rotation": [
                0.0,
                0.0,
                0.0
              ],
              "uv": [
                4,
                0
              ],
              "inflate": 0
            },
            {
              "origin": [
                -17.0,
                6.0,
                7.0
              ],
              "size": [
                1.0,
                5.0,
                1.0
              ],
              "rotation": [
                0.0,
                0.0,
                0.0
              ],
              "uv": [
                0,
                0
              ],
              "inflate": 0
            },
            {
              "origin": [
                0.0,
                6.0,
                7.0
              ],
              "size": [
                1.0,
                5.0,
                1.0
              ],
              "rotation": [
                0.0,
                0.0,
                0.0
              ],
              "uv": [
                0,
                0
              ],
              "inflate": 0
            },
            {
              "origin": [
                6.0,
                16.0,
                -8.0
              ],
              "size": [
                2.0,
                22.0,
                2.0
              ],
              "rotation": [
                0.0,
                0.0,
                0.0
              ],
              "uv": [
                24,
                77
              ],
              "inflate": 0
            },
            {
              "origin": [
                -24.0,
                16.0,
                -8.0
              ],
              "size": [
                2.0,
                22.0,
                2.0
              ],
              "rotation": [
                0.0,
                0.0,
                0.0
              ],
              "uv": [
                16,
                77
              ],
              "inflate": 0
            },
            {
              "origin": [
                -24.0,
                16.0,
                4.0
              ],
              "size": [
                2.0,
                22.0,
                2.0
              ],
              "rotation": [
                0.0,
                0.0,
                0.0
              ],
              "uv": [
                8,
                77
              ],
              "inflate": 0
            },
            {
              "origin": [
                6.0,
                16.0,
                4.0
              ],
              "size": [
                2.0,
                22.0,
                2.0
              ],
              "rotation": [
                0.0,
                0.0,
                0.0
              ],
              "uv": [
                0,
                77
              ],
              "inflate": 0
            },
            {
              "origin": [
                6.0,
                38.0,
                -8.0
              ],
              "size": [
                2.0,
                2.0,
                14.0
              ],
              "rotation": [
                0.0,
                0.0,
                0.0
              ],
              "uv": [
                50,
                63
              ],
              "inflate": 0
            },
            {
              "origin": [
                -24.0,
                38.0,
                -8.0
              ],
              "size": [
                2.0,
                2.0,
                14.0
              ],
              "rotation": [
                0.0,
                0.0,
                0.0
              ],
              "uv": [
                0,
                81
              ],
              "inflate": 0
            },
            {
              "origin": [
                -23.0,
                31.0,
                -8.0
              ],
              "size": [
                30.0,
                1.0,
                13.0
              ],
              "rotation": [
                0.0,
                0.0,
                0.0
              ],
              "uv": [
                1,
                13
              ],
              "inflate": 0
            }
          ],
          "rotation": [
            0,
            0,
            0
          ],
          "bind_pose_rotation": [
            0,
            0,
            0
          ]
        },
        {
          "name": "bone2",
          "pivot": [
            0,
            0,
            0
          ],
          "cubes": [
            {
              "origin": [
                -23.0,
                15.0,
                6.0
              ],
              "size": [
                30.0,
                1.0,
                1.0
              ],
              "rotation": [
                0.0,
                0.0,
                0.0
              ],
              "uv": [
                14,
                21
              ],
              "inflate": 0
            },
            {
              "origin": [
                -23.0,
                2.0,
                6.0
              ],
              "size": [
                30.0,
                1.0,
                1.0
              ],
              "rotation": [
                0.0,
                0.0,
                0.0
              ],
              "uv": [
                0,
                70
              ],
              "inflate": 0
            }
          ],
          "rotation": [
            0,
            0,
            0
          ],
          "bind_pose_rotation": [
            0,
            0,
            0
          ]
        },
        {
          "name": "bone3",
          "pivot": [
            0,
            0,
            0
          ],
          "cubes": [
            {
              "origin": [
                -5.0,
                32.0,
                -6.0
              ],
              "size": [
                10.0,
                7.0,
                6.0
              ],
              "rotation": [
                0.0,
                0.0,
                0.0
              ],
              "uv": [
                68,
                42
              ],
              "inflate": 0
            }
          ],
          "rotation": [
            0,
            0,
            0
          ],
          "bind_pose_rotation": [
            0,
            0,
            0
          ]
        }
      ]
    }
  ]
}