{
  "format_version": "1.12.0",
  "minecraft:geometry": [
    {
      "description": {
        "identifier": "geometry.pa_flowershelfacacia",
        "texture_width": 64,
        "texture_height": 64,
        "visible_bounds_width": 3,
        "visible_bounds_height": 3.5,
        "visible_bounds_offset": [
          0,
          1.25,
          0
        ]
      },
      "bones": [
        {
          "name": "Body",
          "pivot": [
            0,
            0,
            0
          ],
          "rotation": [
            0,
            0,
            0
          ],
          "bind_pose_rotation": [
            0,
            0,
            0
          ]
        },
        {
          "name": "bone5",
          "pivot": [
            0,
            0,
            0
          ],
          "cubes": [
            {
              "origin": [
                7.0,
                -2.57136,
                4.06654
              ],
              "size": [
                1.0,
                30.0,
                1.0
              ],
              "pivot": [
                0.0,
                0.0,
                0.0
              ],
              "rotation": [
                25.0,
                0.0,
                0.0
              ],
              "uv": [
                4,
                30
              ],
              "inflate": 0
            },
            {
              "origin": [
                7.0,
                0.0,
                -8.0
              ],
              "size": [
                1.0,
                27.0,
                1.0
              ],
              "rotation": [
                0.0,
                0.0,
                0.0
              ],
              "uv": [
                12,
                32
              ],
              "inflate": 0
            },
            {
              "origin": [
                -8.0,
                -2.57136,
                4.06654
              ],
              "size": [
                1.0,
                30.0,
                1.0
              ],
              "pivot": [
                0.0,
                0.0,
                0.0
              ],
              "rotation": [
                25.0,
                0.0,
                0.0
              ],
              "uv": [
                0,
                30
              ],
              "inflate": 0
            },
            {
              "origin": [
                -8.0,
                0.0,
                -8.0
              ],
              "size": [
                1.0,
                27.0,
                1.0
              ],
              "rotation": [
                0.0,
                0.0,
                0.0
              ],
              "uv": [
                8,
                32
              ],
              "inflate": 0
            },
            {
              "origin": [
                -7.0,
                26.0,
                -8.0
              ],
              "size": [
                14.0,
                1.0,
                1.0
              ],
              "rotation": [
                0.0,
                0.0,
                0.0
              ],
              "uv": [
                8,
                21
              ],
              "inflate": 0
            },
            {
              "origin": [
                -7.0,
                3.0,
                -8.0
              ],
              "size": [
                14.0,
                1.0,
                12.0
              ],
              "rotation": [
                0.0,
                0.0,
                0.0
              ],
              "uv": [
                0,
                0
              ],
              "inflate": 0
            },
            {
              "origin": [
                -7.0,
                10.0,
                -8.0
              ],
              "size": [
                14.0,
                1.0,
                9.0
              ],
              "rotation": [
                0.0,
                0.0,
                0.0
              ],
              "uv": [
                0,
                13
              ],
              "inflate": 0
            },
            {
              "origin": [
                -7.0,
                17.0,
                -8.0
              ],
              "size": [
                14.0,
                1.0,
                6.0
              ],
              "rotation": [
                0.0,
                0.0,
                0.0
              ],
              "uv": [
                4,
                16
              ],
              "inflate": 0
            }
          ],
          "parent": "Body",
          "rotation": [
            0,
            0,
            0
          ],
          "bind_pose_rotation": [
            0,
            0,
            0
          ]
        },
        {
          "name": "Flower",
          "pivot": [
            0,
            0,
            0
          ],
          "cubes": [
            {
              "origin": [
                1.0,
                7.0,
                -3.0
              ],
              "size": [
                4.0,
                3.0,
                0.0
              ],
              "rotation": [
                0.0,
                0.0,
                0.0
              ],
              "uv": [
                49,
                24
              ],
              "inflate": 0
            },
            {
              "origin": [
                1.0,
                7.0,
                3.0
              ],
              "size": [
                4.0,
                3.0,
                0.0
              ],
              "pivot": [
                0.0,
                0.0,
                0.0
              ],
              "rotation": [
                0.0,
                90.0,
                0.0
              ],
              "uv": [
                49,
                24
              ],
              "inflate": 0
            },
            {
              "origin": [
                1.0,
                4.0,
                -5.0
              ],
              "size": [
                4.0,
                3.0,
                4.0
              ],
              "rotation": [
                0.0,
                0.0,
                0.0
              ],
              "uv": [
                37,
                13
              ],
              "inflate": 0
            }
          ],
          "rotation": [
            0,
            0,
            0
          ],
          "bind_pose_rotation": [
            0,
            0,
            0
          ]
        },
        {
          "name": "Flower2",
          "pivot": [
            -7,
            0,
            -1
          ],
          "cubes": [
            {
              "origin": [
                -7.0,
                7.0,
                -4.0
              ],
              "size": [
                4.0,
                3.0,
                0.0
              ],
              "rotation": [
                0.0,
                0.0,
                0.0
              ],
              "uv": [
                40,
                24
              ],
              "inflate": 0
            },
            {
              "origin": [
                1.0,
                7.0,
                -4.0
              ],
              "size": [
                4.0,
                3.0,
                0.0
              ],
              "pivot": [
                0.0,
                0.0,
                0.0
              ],
              "rotation": [
                0.0,
                90.0,
                0.0
              ],
              "uv": [
                40,
                24
              ],
              "inflate": 0
            },
            {
              "origin": [
                -6.0,
                4.0,
                -6.0
              ],
              "size": [
                4.0,
                3.0,
                4.0
              ],
              "rotation": [
                0.0,
                0.0,
                0.0
              ],
              "uv": [
                32,
                32
              ],
              "inflate": 0
            }
          ],
          "rotation": [
            0,
            -25,
            0
          ],
          "bind_pose_rotation": [
            0,
            0,
            0
          ]
        },
        {
          "name": "Flower3",
          "pivot": [
            0,
            7,
            0
          ],
          "cubes": [
            {
              "origin": [
                1.0,
                14.0,
                -3.0
              ],
              "size": [
                4.0,
                3.0,
                0.0
              ],
              "rotation": [
                0.0,
                0.0,
                0.0
              ],
              "uv": [
                49,
                29
              ],
              "inflate": 0
            },
            {
              "origin": [
                1.0,
                14.0,
                3.0
              ],
              "size": [
                4.0,
                3.0,
                0.0
              ],
              "pivot": [
                0.0,
                0.0,
                0.0
              ],
              "rotation": [
                0.0,
                90.0,
                0.0
              ],
              "uv": [
                49,
                29
              ],
              "inflate": 0
            },
            {
              "origin": [
                1.0,
                11.0,
                -5.0
              ],
              "size": [
                4.0,
                3.0,
                4.0
              ],
              "rotation": [
                0.0,
                0.0,
                0.0
              ],
              "uv": [
                16,
                32
              ],
              "inflate": 0
            }
          ],
          "rotation": [
            0,
            35,
            0
          ],
          "bind_pose_rotation": [
            0,
            0,
            0
          ]
        },
        {
          "name": "Flower4",
          "pivot": [
            -1,
            14,
            -5
          ],
          "cubes": [
            {
              "origin": [
                0.0,
                21.0,
                -8.0
              ],
              "size": [
                4.0,
                3.0,
                0.0
              ],
              "rotation": [
                0.0,
                0.0,
                0.0
              ],
              "uv": [
                49,
                24
              ],
              "inflate": 0
            },
            {
              "origin": [
                6.0,
                21.0,
                2.0
              ],
              "size": [
                4.0,
                3.0,
                0.0
              ],
              "pivot": [
                0.0,
                0.0,
                0.0
              ],
              "rotation": [
                0.0,
                90.0,
                0.0
              ],
              "uv": [
                49,
                24
              ],
              "inflate": 0
            },
            {
              "origin": [
                0.0,
                18.0,
                -10.0
              ],
              "size": [
                4.0,
                3.0,
                4.0
              ],
              "rotation": [
                0.0,
                0.0,
                0.0
              ],
              "uv": [
                37,
                13
              ],
              "inflate": 0
            }
          ],
          "rotation": [
            0,
            -40,
            0
          ],
          "bind_pose_rotation": [
            0,
            0,
            0
          ]
        },
        {
          "name": "Flower5",
          "pivot": [
            -4,
            14,
            -1
          ],
          "cubes": [
            {
              "origin": [
                -3.0,
                21.0,
                -4.0
              ],
              "size": [
                4.0,
                3.0,
                0.0
              ],
              "rotation": [
                0.0,
                0.0,
                0.0
              ],
              "uv": [
                49,
                29
              ],
              "inflate": 0
            },
            {
              "origin": [
                2.0,
                21.0,
                -1.0
              ],
              "size": [
                4.0,
                3.0,
                0.0
              ],
              "pivot": [
                0.0,
                0.0,
                0.0
              ],
              "rotation": [
                0.0,
                90.0,
                0.0
              ],
              "uv": [
                49,
                29
              ],
              "inflate": 0
            },
            {
              "origin": [
                -3.0,
                18.0,
                -6.0
              ],
              "size": [
                4.0,
                3.0,
                4.0
              ],
              "rotation": [
                0.0,
                0.0,
                0.0
              ],
              "uv": [
                16,
                32
              ],
              "inflate": 0
            }
          ],
          "rotation": [
            0,
            35,
            0
          ],
          "bind_pose_rotation": [
            0,
            0,
            0
          ]
        }
      ]
    }
  ]
}