{
  "format_version": "1.12.0",
  "minecraft:geometry": [
    {
      "description": {
        "identifier": "geometry.pa_loptop",
        "texture_width": 128,
        "texture_height": 128,
        "visible_bounds_width": 5,
        "visible_bounds_height": 3.5,
        "visible_bounds_offset": [
          0,
          1.25,
          0
        ]
      },
      "bones": [
        {
          "name": "bone",
          "pivot": [
            -16,
            -16,
            -2
          ],
          "cubes": [
            {
              "origin": [
                -37.0,
                1.10962,
                -1.48926
              ],
              "size": [
                11.0,
                7.0,
                1.0
              ],
              "pivot": [
                -16.0,
                -16.0,
                -2.0
              ],
              "rotation": [
                175.0,
                0.0,
                180.0
              ],
              "uv": [
                32,
                49
              ],
              "inflate": 0
            },
            {
              "origin": [
                -37.0,
                0.0,
                -8.0
              ],
              "size": [
                11.0,
                1.0,
                8.0
              ],
              "pivot": [
                -16.0,
                -16.0,
                -2.0
              ],
              "rotation": [
                -180.0,
                0.0,
                180.0
              ],
              "uv": [
                39,
                18
              ],
              "inflate": 0
            }
          ],
          "rotation": [
            0,
            0,
            0
          ],
          "bind_pose_rotation": [
            0,
            0,
            0
          ]
        }
      ]
    }
  ]
}