{
  "format_version": "1.12.0",
  "minecraft:geometry": [
    {
      "description": {
        "identifier": "geometry.pa_smallchairyellow",
        "texture_width": 64,
        "texture_height": 64,
        "visible_bounds_width": 3,
        "visible_bounds_height": 3,
        "visible_bounds_offset": [
          0,
          0.5,
          0
        ]
      },
      "bones": [
        {
          "name": "bb_main",
          "pivot": [
            0,
            0,
            0
          ],
          "cubes": [
            {
              "origin": [
                -6.0,
                6.0,
                -5.0
              ],
              "size": [
                12.0,
                1.0,
                9.0
              ],
              "rotation": [
                0.0,
                0.0,
                0.0
              ],
              "uv": [
                0,
                10
              ],
              "inflate": 0
            },
            {
              "origin": [
                -6.0,
                7.0,
                -5.0
              ],
              "size": [
                12.0,
                1.0,
                9.0
              ],
              "rotation": [
                0.0,
                0.0,
                0.0
              ],
              "uv": [
                0,
                0
              ],
              "inflate": 0
            },
            {
              "origin": [
                -6.0,
                8.0,
                -5.0
              ],
              "size": [
                12.0,
                1.0,
                9.0
              ],
              "rotation": [
                0.0,
                0.0,
                0.0
              ],
              "uv": [
                0,
                0
              ],
              "inflate": 0
            },
            {
              "origin": [
                -5.0,
                0.0,
                -4.0
              ],
              "size": [
                1.0,
                6.0,
                1.0
              ],
              "rotation": [
                0.0,
                0.0,
                0.0
              ],
              "uv": [
                4,
                10
              ],
              "inflate": 0
            },
            {
              "origin": [
                -5.0,
                0.0,
                2.0
              ],
              "size": [
                1.0,
                6.0,
                1.0
              ],
              "rotation": [
                0.0,
                0.0,
                0.0
              ],
              "uv": [
                0,
                10
              ],
              "inflate": 0
            },
            {
              "origin": [
                4.0,
                0.0,
                2.0
              ],
              "size": [
                1.0,
                6.0,
                1.0
              ],
              "rotation": [
                0.0,
                0.0,
                0.0
              ],
              "uv": [
                4,
                0
              ],
              "inflate": 0
            },
            {
              "origin": [
                4.0,
                0.0,
                -4.0
              ],
              "size": [
                1.0,
                6.0,
                1.0
              ],
              "rotation": [
                0.0,
                0.0,
                0.0
              ],
              "uv": [
                0,
                0
              ],
              "inflate": 0
            }
          ],
          "rotation": [
            0,
            0,
            0
          ],
          "bind_pose_rotation": [
            0,
            0,
            0
          ]
        }
      ]
    }
  ]
}