{
  "format_version": "1.12.0",
  "minecraft:geometry": [
    {
      "description": {
        "identifier": "geometry.pa_study_table_jungle",
        "texture_width": 128,
        "texture_height": 128,
        "visible_bounds_width": 5,
        "visible_bounds_height": 3.5,
        "visible_bounds_offset": [
          0,
          1.25,
          0
        ]
      },
      "bones": [
        {
          "name": "bb_main2",
          "pivot": [
            0,
            0,
            0
          ],
          "cubes": [
            {
              "origin": [
                4.0,
                16.0,
                -2.0
              ],
              "size": [
                1.0,
                1.0,
                6.0
              ],
              "pivot": [
                0.0,
                0.0,
                0.0
              ],
              "rotation": [
                0.0,
                -17.5,
                0.0
              ],
              "uv": [
                0,
                18
              ],
              "inflate": 0
            }
          ],
          "rotation": [
            0,
            0,
            0
          ],
          "bind_pose_rotation": [
            0,
            0,
            0
          ]
        },
        {
          "name": "bb_main",
          "pivot": [
            0,
            0,
            0
          ],
          "cubes": [
            {
              "origin": [
                6.0,
                0.0,
                6.0
              ],
              "size": [
                2.0,
                14.0,
                2.0
              ],
              "pivot": [
                0.0,
                0.0,
                0.0
              ],
              "rotation": [
                -180.0,
                0.0,
                180.0
              ],
              "uv": [
                46,
                57
              ],
              "inflate": 0
            },
            {
              "origin": [
                -8.0,
                0.0,
                6.0
              ],
              "size": [
                2.0,
                14.0,
                2.0
              ],
              "pivot": [
                0.0,
                0.0,
                0.0
              ],
              "rotation": [
                -180.0,
                0.0,
                180.0
              ],
              "uv": [
                0,
                0
              ],
              "inflate": 0
            },
            {
              "origin": [
                6.0,
                0.0,
                -8.0
              ],
              "size": [
                2.0,
                14.0,
                2.0
              ],
              "pivot": [
                0.0,
                0.0,
                0.0
              ],
              "rotation": [
                -180.0,
                0.0,
                180.0
              ],
              "uv": [
                38,
                57
              ],
              "inflate": 0
            },
            {
              "origin": [
                -8.0,
                0.0,
                -8.0
              ],
              "size": [
                2.0,
                14.0,
                2.0
              ],
              "pivot": [
                0.0,
                0.0,
                0.0
              ],
              "rotation": [
                -180.0,
                0.0,
                180.0
              ],
              "uv": [
                8,
                0
              ],
              "inflate": 0
            },
            {
              "origin": [
                -25.0,
                0.0,
                -8.0
              ],
              "size": [
                2.0,
                14.0,
                2.0
              ],
              "pivot": [
                0.0,
                0.0,
                0.0
              ],
              "rotation": [
                -180.0,
                0.0,
                180.0
              ],
              "uv": [
                30,
                57
              ],
              "inflate": 0
            },
            {
              "origin": [
                -25.0,
                0.0,
                6.0
              ],
              "size": [
                2.0,
                14.0,
                2.0
              ],
              "pivot": [
                0.0,
                0.0,
                0.0
              ],
              "rotation": [
                -180.0,
                0.0,
                180.0
              ],
              "uv": [
                54,
                55
              ],
              "inflate": 0
            },
            {
              "origin": [
                -25.0,
                14.0,
                -8.0
              ],
              "size": [
                33.0,
                2.0,
                16.0
              ],
              "pivot": [
                0.0,
                0.0,
                0.0
              ],
              "rotation": [
                -180.0,
                0.0,
                180.0
              ],
              "uv": [
                0,
                0
              ],
              "inflate": 0
            },
            {
              "origin": [
                -6.0,
                0.0,
                -7.0
              ],
              "size": [
                12.0,
                14.0,
                15.0
              ],
              "pivot": [
                0.0,
                0.0,
                0.0
              ],
              "rotation": [
                -180.0,
                0.0,
                180.0
              ],
              "uv": [
                0,
                18
              ],
              "inflate": 0
            },
            {
              "origin": [
                -4.0,
                9.0,
                -8.0
              ],
              "size": [
                8.0,
                3.0,
                1.0
              ],
              "pivot": [
                0.0,
                0.0,
                0.0
              ],
              "rotation": [
                -180.0,
                0.0,
                180.0
              ],
              "uv": [
                56,
                49
              ],
              "inflate": 0
            },
            {
              "origin": [
                -4.0,
                5.0,
                -8.0
              ],
              "size": [
                8.0,
                3.0,
                1.0
              ],
              "pivot": [
                0.0,
                0.0,
                0.0
              ],
              "rotation": [
                -180.0,
                0.0,
                180.0
              ],
              "uv": [
                54,
                31
              ],
              "inflate": 0
            },
            {
              "origin": [
                -4.0,
                1.0,
                -8.0
              ],
              "size": [
                8.0,
                3.0,
                1.0
              ],
              "pivot": [
                0.0,
                0.0,
                0.0
              ],
              "rotation": [
                -180.0,
                0.0,
                180.0
              ],
              "uv": [
                39,
                27
              ],
              "inflate": 0
            },
            {
              "origin": [
                -1.0,
                2.0,
                -9.0
              ],
              "size": [
                2.0,
                1.0,
                1.0
              ],
              "pivot": [
                0.0,
                0.0,
                0.0
              ],
              "rotation": [
                -180.0,
                0.0,
                180.0
              ],
              "uv": [
                0,
                20
              ],
              "inflate": 0
            },
            {
              "origin": [
                -1.0,
                6.0,
                -9.0
              ],
              "size": [
                2.0,
                1.0,
                1.0
              ],
              "pivot": [
                0.0,
                0.0,
                0.0
              ],
              "rotation": [
                -180.0,
                0.0,
                180.0
              ],
              "uv": [
                8,
                18
              ],
              "inflate": 0
            },
            {
              "origin": [
                -1.0,
                10.0,
                -9.0
              ],
              "size": [
                2.0,
                1.0,
                1.0
              ],
              "pivot": [
                0.0,
                0.0,
                0.0
              ],
              "rotation": [
                -180.0,
                0.0,
                180.0
              ],
              "uv": [
                0,
                18
              ],
              "inflate": 0
            },
            {
              "origin": [
                -1.0,
                16.0,
                -2.0
              ],
              "size": [
                7.0,
                2.0,
                9.0
              ],
              "pivot": [
                0.0,
                0.0,
                0.0
              ],
              "rotation": [
                -180.0,
                -15.0,
                180.0
              ],
              "uv": [
                0,
                47
              ],
              "inflate": 0
            },
            {
              "origin": [
                0.0,
                18.0,
                -4.0
              ],
              "size": [
                7.0,
                2.0,
                9.0
              ],
              "pivot": [
                0.0,
                0.0,
                0.0
              ],
              "rotation": [
                -180.0,
                20.0,
                180.0
              ],
              "uv": [
                45,
                38
              ],
              "inflate": 0
            }
          ],
          "rotation": [
            0,
            0,
            0
          ],
          "bind_pose_rotation": [
            0,
            0,
            0
          ]
        },
        {
          "name": "bone",
          "pivot": [
            0,
            0,
            0
          ],
          "cubes": [
            {
              "origin": [
                -21.0,
                17.10962,
                0.51074
              ],
              "size": [
                11.0,
                7.0,
                1.0
              ],
              "pivot": [
                0.0,
                0.0,
                0.0
              ],
              "rotation": [
                175.0,
                0.0,
                180.0
              ],
              "uv": [
                32,
                49
              ],
              "inflate": 0
            },
            {
              "origin": [
                -21.0,
                16.0,
                -6.0
              ],
              "size": [
                11.0,
                1.0,
                8.0
              ],
              "pivot": [
                0.0,
                0.0,
                0.0
              ],
              "rotation": [
                -180.0,
                0.0,
                180.0
              ],
              "uv": [
                39,
                18
              ],
              "inflate": 0
            }
          ],
          "rotation": [
            0,
            0,
            0
          ],
          "bind_pose_rotation": [
            0,
            0,
            0
          ]
        }
      ]
    }
  ]
}