{
  "format_version": "1.12.0",
  "minecraft:geometry": [
    {
      "description": {
        "identifier": "geometry.pa_singlesofawhite",
        "texture_width": 256,
        "texture_height": 256,
        "visible_bounds_width": 4,
        "visible_bounds_height": 3,
        "visible_bounds_offset": [
          0,
          0.5,
          0
        ]
      },
      "bones": [
        {
          "name": "bone",
          "pivot": [
            0,
            0,
            0
          ],
          "cubes": [
            {
              "origin": [
                -8.0,
                0.0,
                6.0
              ],
              "size": [
                2.0,
                2.0,
                2.0
              ],
              "rotation": [
                0.0,
                0.0,
                0.0
              ],
              "uv": [
                6,
                6
              ],
              "inflate": 0
            },
            {
              "origin": [
                -8.0,
                0.0,
                -8.0
              ],
              "size": [
                2.0,
                2.0,
                2.0
              ],
              "rotation": [
                0.0,
                0.0,
                0.0
              ],
              "uv": [
                6,
                2
              ],
              "inflate": 0
            },
            {
              "origin": [
                6.0,
                0.0,
                -8.0
              ],
              "size": [
                2.0,
                2.0,
                2.0
              ],
              "rotation": [
                0.0,
                0.0,
                0.0
              ],
              "uv": [
                0,
                4
              ],
              "inflate": 0
            },
            {
              "origin": [
                6.0,
                0.0,
                6.0
              ],
              "size": [
                2.0,
                2.0,
                2.0
              ],
              "rotation": [
                0.0,
                0.0,
                0.0
              ],
              "uv": [
                0,
                0
              ],
              "inflate": 0
            }
          ],
          "rotation": [
            0,
            0,
            0
          ],
          "bind_pose_rotation": [
            0,
            0,
            0
          ]
        },
        {
          "name": "bone2",
          "pivot": [
            0,
            0,
            0
          ],
          "cubes": [
            {
              "origin": [
                -8.0,
                2.0,
                -8.0
              ],
              "size": [
                16.0,
                1.0,
                16.0
              ],
              "rotation": [
                0.0,
                0.0,
                0.0
              ],
              "uv": [
                0,
                0
              ],
              "inflate": 0
            }
          ],
          "rotation": [
            0,
            0,
            0
          ],
          "bind_pose_rotation": [
            0,
            0,
            0
          ]
        },
        {
          "name": "bone3",
          "pivot": [
            0,
            0,
            0
          ],
          "cubes": [
            {
              "origin": [
                -8.0,
                3.0,
                -8.0
              ],
              "size": [
                16.0,
                14.0,
                2.0
              ],
              "rotation": [
                0.0,
                0.0,
                0.0
              ],
              "uv": [
                0,
                49
              ],
              "inflate": 0
            },
            {
              "origin": [
                -8.0,
                3.0,
                -8.0
              ],
              "size": [
                14.0,
                11.0,
                2.0
              ],
              "pivot": [
                0.0,
                0.0,
                0.0
              ],
              "rotation": [
                0.0,
                90.0,
                0.0
              ],
              "uv": [
                0,
                65
              ],
              "inflate": 0
            },
            {
              "origin": [
                -8.0,
                3.0,
                6.0
              ],
              "size": [
                14.0,
                10.0,
                2.0
              ],
              "pivot": [
                0.0,
                0.0,
                0.0
              ],
              "rotation": [
                0.0,
                90.0,
                0.0
              ],
              "uv": [
                32,
                65
              ],
              "inflate": 0
            }
          ],
          "rotation": [
            0,
            0,
            0
          ],
          "bind_pose_rotation": [
            0,
            0,
            0
          ]
        },
        {
          "name": "bone4",
          "pivot": [
            0,
            0,
            0
          ],
          "cubes": [
            {
              "origin": [
                -6.0,
                3.0,
                -7.0
              ],
              "size": [
                12.0,
                4.0,
                15.0
              ],
              "rotation": [
                0.0,
                0.0,
                0.0
              ],
              "uv": [
                48,
                17
              ],
              "inflate": 0
            },
            {
              "origin": [
                7.0,
                -6.0,
                -6.0
              ],
              "size": [
                9.0,
                2.0,
                12.0
              ],
              "pivot": [
                0.0,
                0.0,
                0.0
              ],
              "rotation": [
                -90.0,
                0.0,
                -90.0
              ],
              "uv": [
                69,
                18
              ],
              "inflate": 0
            }
          ],
          "rotation": [
            0,
            0,
            0
          ],
          "bind_pose_rotation": [
            0,
            0,
            0
          ]
        }
      ]
    }
  ]
}