{
  "format_version": "1.12.0",
  "minecraft:geometry": [
    {
      "description": {
        "identifier": "geometry.pa_shelfdraweracacia",
        "texture_width": 128,
        "texture_height": 128,
        "visible_bounds_width": 4,
        "visible_bounds_height": 3.5,
        "visible_bounds_offset": [
          0,
          1.25,
          0
        ]
      },
      "bones": [
        {
          "name": "bone",
          "pivot": [
            0,
            0,
            0
          ],
          "cubes": [
            {
              "origin": [
                -8.0,
                2.0,
                -8.0
              ],
              "size": [
                16.0,
                15.0,
                16.0
              ],
              "rotation": [
                0.0,
                0.0,
                0.0
              ],
              "uv": [
                0,
                0
              ],
              "inflate": 0
            },
            {
              "origin": [
                -24.0,
                2.0,
                -8.0
              ],
              "size": [
                1.0,
                16.0,
                16.0
              ],
              "rotation": [
                0.0,
                0.0,
                0.0
              ],
              "uv": [
                46,
                48
              ],
              "inflate": 0
            },
            {
              "origin": [
                7.0,
                17.0,
                -8.0
              ],
              "size": [
                1.0,
                1.0,
                16.0
              ],
              "rotation": [
                0.0,
                0.0,
                0.0
              ],
              "uv": [
                46,
                48
              ],
              "inflate": 0
            },
            {
              "origin": [
                -23.0,
                2.0,
                -8.0
              ],
              "size": [
                15.0,
                1.0,
                16.0
              ],
              "rotation": [
                0.0,
                0.0,
                0.0
              ],
              "uv": [
                0,
                32
              ],
              "inflate": 0
            },
            {
              "origin": [
                -23.0,
                3.0,
                -8.0
              ],
              "size": [
                15.0,
                15.0,
                1.0
              ],
              "rotation": [
                0.0,
                0.0,
                0.0
              ],
              "uv": [
                48,
                0
              ],
              "inflate": 0
            },
            {
              "origin": [
                -8.0,
                17.0,
                -8.0
              ],
              "size": [
                15.0,
                1.0,
                1.0
              ],
              "rotation": [
                0.0,
                0.0,
                0.0
              ],
              "uv": [
                48,
                0
              ],
              "inflate": 0
            },
            {
              "origin": [
                -23.0,
                17.0,
                -7.0
              ],
              "size": [
                15.0,
                1.0,
                15.0
              ],
              "rotation": [
                0.0,
                0.0,
                0.0
              ],
              "uv": [
                46,
                32
              ],
              "inflate": 0
            },
            {
              "origin": [
                -8.0,
                17.0,
                -7.0
              ],
              "size": [
                15.0,
                1.0,
                15.0
              ],
              "rotation": [
                0.0,
                0.0,
                0.0
              ],
              "uv": [
                46,
                32
              ],
              "inflate": 0
            }
          ],
          "rotation": [
            0,
            0,
            0
          ],
          "bind_pose_rotation": [
            0,
            0,
            0
          ]
        },
        {
          "name": "bone2",
          "pivot": [
            0,
            0,
            0
          ],
          "cubes": [
            {
              "origin": [
                6.0,
                0.0,
                -8.0
              ],
              "size": [
                2.0,
                2.0,
                2.0
              ],
              "rotation": [
                0.0,
                0.0,
                0.0
              ],
              "uv": [
                0,
                43
              ],
              "inflate": 0
            },
            {
              "origin": [
                -24.0,
                0.0,
                -8.0
              ],
              "size": [
                2.0,
                2.0,
                2.0
              ],
              "rotation": [
                0.0,
                0.0,
                0.0
              ],
              "uv": [
                8,
                37
              ],
              "inflate": 0
            },
            {
              "origin": [
                6.0,
                0.0,
                6.0
              ],
              "size": [
                2.0,
                2.0,
                2.0
              ],
              "rotation": [
                0.0,
                0.0,
                0.0
              ],
              "uv": [
                6,
                41
              ],
              "inflate": 0
            },
            {
              "origin": [
                -24.0,
                0.0,
                6.0
              ],
              "size": [
                2.0,
                2.0,
                2.0
              ],
              "rotation": [
                0.0,
                0.0,
                0.0
              ],
              "uv": [
                0,
                39
              ],
              "inflate": 0
            }
          ],
          "rotation": [
            0,
            0,
            0
          ],
          "bind_pose_rotation": [
            0,
            0,
            0
          ]
        },
        {
          "name": "bone3",
          "pivot": [
            0,
            -15,
            0
          ],
          "cubes": [
            {
              "origin": [
                -16.0,
                3.0,
                -5.0
              ],
              "size": [
                8.0,
                8.0,
                7.0
              ],
              "rotation": [
                0.0,
                0.0,
                0.0
              ],
              "uv": [
                0,
                49
              ],
              "inflate": 0
            },
            {
              "origin": [
                -19.04211,
                0.12833,
                -5.0
              ],
              "size": [
                2.0,
                8.0,
                7.0
              ],
              "pivot": [
                0.0,
                0.0,
                0.0
              ],
              "rotation": [
                0.0,
                0.0,
                7.5
              ],
              "uv": [
                0,
                49
              ],
              "inflate": 0
            },
            {
              "origin": [
                -6.0,
                9.0,
                8.0
              ],
              "size": [
                2.0,
                2.0,
                1.0
              ],
              "rotation": [
                0.0,
                0.0,
                0.0
              ],
              "uv": [
                46,
                35
              ],
              "inflate": 0
            }
          ],
          "rotation": [
            0,
            0,
            0
          ],
          "bind_pose_rotation": [
            0,
            0,
            0
          ]
        },
        {
          "name": "bone4",
          "pivot": [
            -2,
            0,
            1
          ],
          "cubes": [
            {
              "origin": [
                -2.0,
                18.0,
                -2.0
              ],
              "size": [
                4.0,
                1.0,
                4.0
              ],
              "rotation": [
                0.0,
                0.0,
                0.0
              ],
              "uv": [
                0,
                32
              ],
              "inflate": 0
            },
            {
              "origin": [
                -2.0,
                26.0,
                -2.0
              ],
              "size": [
                4.0,
                1.0,
                4.0
              ],
              "rotation": [
                0.0,
                0.0,
                0.0
              ],
              "uv": [
                0,
                8
              ],
              "inflate": 0
            },
            {
              "origin": [
                -3.0,
                19.0,
                -3.0
              ],
              "size": [
                6.0,
                1.0,
                6.0
              ],
              "rotation": [
                0.0,
                0.0,
                0.0
              ],
              "uv": [
                64,
                16
              ],
              "inflate": 0
            },
            {
              "origin": [
                -3.0,
                20.0,
                -3.0
              ],
              "size": [
                6.0,
                6.0,
                6.0
              ],
              "rotation": [
                0.0,
                0.0,
                0.0
              ],
              "uv": [
                30,
                49
              ],
              "inflate": 0
            },
            {
              "origin": [
                -1.0,
                27.0,
                -1.0
              ],
              "size": [
                2.0,
                1.0,
                2.0
              ],
              "rotation": [
                0.0,
                0.0,
                0.0
              ],
              "uv": [
                8,
                13
              ],
              "inflate": 0
            },
            {
              "origin": [
                -2.0,
                28.0,
                1.0
              ],
              "size": [
                4.0,
                1.0,
                1.0
              ],
              "rotation": [
                0.0,
                0.0,
                0.0
              ],
              "uv": [
                0,
                37
              ],
              "inflate": 0
            },
            {
              "origin": [
                -2.0,
                28.0,
                -2.0
              ],
              "size": [
                4.0,
                1.0,
                1.0
              ],
              "rotation": [
                0.0,
                0.0,
                0.0
              ],
              "uv": [
                0,
                13
              ],
              "inflate": 0
            },
            {
              "origin": [
                -2.0,
                28.0,
                -1.0
              ],
              "size": [
                1.0,
                1.0,
                2.0
              ],
              "rotation": [
                0.0,
                0.0,
                0.0
              ],
              "uv": [
                46,
                32
              ],
              "inflate": 0
            },
            {
              "origin": [
                1.0,
                28.0,
                -1.0
              ],
              "size": [
                1.0,
                1.0,
                2.0
              ],
              "rotation": [
                0.0,
                0.0,
                0.0
              ],
              "uv": [
                6,
                45
              ],
              "inflate": 0
            },
            {
              "origin": [
                -4.0,
                28.0,
                0.0
              ],
              "size": [
                8.0,
                8.0,
                0.0
              ],
              "rotation": [
                0.0,
                0.0,
                0.0
              ],
              "uv": [
                0,
                65
              ],
              "inflate": 0
            },
            {
              "origin": [
                -4.0,
                28.0,
                0.0
              ],
              "size": [
                8.0,
                8.0,
                0.0
              ],
              "pivot": [
                0.0,
                0.0,
                0.0
              ],
              "rotation": [
                0.0,
                -90.0,
                0.0
              ],
              "uv": [
                0,
                65
              ],
              "inflate": 0
            }
          ],
          "rotation": [
            0,
            0,
            0
          ],
          "bind_pose_rotation": [
            0,
            0,
            0
          ]
        }
      ]
    }
  ]
}