{
  "format_version": "1.12.0",
  "minecraft:geometry": [
    {
      "description": {
        "identifier": "geometry.pa_stonepath",
        "texture_width": 32,
        "texture_height": 32,
        "visible_bounds_width": 2,
        "visible_bounds_height": 1.5,
        "visible_bounds_offset": [
          0,
          0.25,
          0
        ]
      },
      "bones": [
        {
          "name": "bb_main",
          "pivot": [
            0,
            0,
            0
          ],
          "cubes": [
            {
              "origin": [
                -4.0,
                0.0,
                2.0
              ],
              "size": [
                3.0,
                1.0,
                3.0
              ],
              "rotation": [
                0.0,
                0.0,
                0.0
              ],
              "uv": [
                9,
                5
              ],
              "inflate": 0
            },
            {
              "origin": [
                4.0,
                0.0,
                -7.0
              ],
              "size": [
                2.0,
                1.0,
                2.0
              ],
              "rotation": [
                0.0,
                0.0,
                0.0
              ],
              "uv": [
                6,
                13
              ],
              "inflate": 0
            },
            {
              "origin": [
                0.0,
                0.0,
                -5.0
              ],
              "size": [
                2.0,
                1.0,
                2.0
              ],
              "rotation": [
                0.0,
                0.0,
                0.0
              ],
              "uv": [
                10,
                10
              ],
              "inflate": 0
            },
            {
              "origin": [
                -6.0,
                0.0,
                -2.0
              ],
              "size": [
                3.0,
                1.0,
                3.0
              ],
              "rotation": [
                0.0,
                0.0,
                0.0
              ],
              "uv": [
                9,
                1
              ],
              "inflate": 0
            },
            {
              "origin": [
                -1.0,
                0.0,
                -2.0
              ],
              "size": [
                3.0,
                1.0,
                3.0
              ],
              "rotation": [
                0.0,
                0.0,
                0.0
              ],
              "uv": [
                0,
                0
              ],
              "inflate": 0
            },
            {
              "origin": [
                2.0,
                0.0,
                3.0
              ],
              "size": [
                3.0,
                1.0,
                3.0
              ],
              "rotation": [
                0.0,
                0.0,
                0.0
              ],
              "uv": [
                0,
                8
              ],
              "inflate": 0
            },
            {
              "origin": [
                -5.0,
                0.0,
                -7.0
              ],
              "size": [
                3.0,
                1.0,
                3.0
              ],
              "rotation": [
                0.0,
                0.0,
                0.0
              ],
              "uv": [
                0,
                4
              ],
              "inflate": 0
            },
            {
              "origin": [
                4.0,
                0.0,
                -1.0
              ],
              "size": [
                2.0,
                1.0,
                2.0
              ],
              "rotation": [
                0.0,
                0.0,
                0.0
              ],
              "uv": [
                0,
                12
              ],
              "inflate": 0
            }
          ],
          "rotation": [
            0,
            0,
            0
          ],
          "bind_pose_rotation": [
            0,
            0,
            0
          ]
        }
      ]
    }
  ]
}