{
  "format_version": "1.12.0",
  "minecraft:geometry": [
    {
      "description": {
        "identifier": "geometry.pa_wine",
        "texture_width": 16,
        "texture_height": 16,
        "visible_bounds_width": 2,
        "visible_bounds_height": 2.5,
        "visible_bounds_offset": [
          0,
          0.75,
          0
        ]
      },
      "bones": [
        {
          "name": "bb_main",
          "pivot": [
            0,
            0,
            -1
          ],
          "cubes": [
            {
              "origin": [
                -2.0,
                0.0,
                -2.0
              ],
              "size": [
                3.0,
                8.0,
                3.0
              ],
              "rotation": [
                0.0,
                0.0,
                0.0
              ],
              "uv": [
                0,
                0
              ],
              "inflate": 0
            },
            {
              "origin": [
                -1.0,
                8.0,
                -1.0
              ],
              "size": [
                1.0,
                3.0,
                1.0
              ],
              "rotation": [
                0.0,
                0.0,
                0.0
              ],
              "uv": [
                0,
                11
              ],
              "inflate": 0
            }
          ],
          "rotation": [
            0,
            30,
            0
          ],
          "bind_pose_rotation": [
            0,
            0,
            0
          ]
        },
        {
          "name": "bb_main2",
          "pivot": [
            -5,
            0,
            -2
          ],
          "cubes": [
            {
              "origin": [
                -7.0,
                0.0,
                -3.0
              ],
              "size": [
                3.0,
                8.0,
                3.0
              ],
              "rotation": [
                0.0,
                0.0,
                0.0
              ],
              "uv": [
                0,
                0
              ],
              "inflate": 0
            },
            {
              "origin": [
                -6.0,
                8.0,
                -2.0
              ],
              "size": [
                1.0,
                3.0,
                1.0
              ],
              "rotation": [
                0.0,
                0.0,
                0.0
              ],
              "uv": [
                0,
                11
              ],
              "inflate": 0
            }
          ],
          "rotation": [
            0,
            47.5,
            0
          ],
          "bind_pose_rotation": [
            0,
            0,
            0
          ]
        },
        {
          "name": "bb_main3",
          "pivot": [
            5,
            0,
            -1
          ],
          "cubes": [
            {
              "origin": [
                3.0,
                0.0,
                -2.0
              ],
              "size": [
                3.0,
                8.0,
                3.0
              ],
              "rotation": [
                0.0,
                0.0,
                0.0
              ],
              "uv": [
                0,
                0
              ],
              "inflate": 0
            },
            {
              "origin": [
                4.0,
                8.0,
                -1.0
              ],
              "size": [
                1.0,
                3.0,
                1.0
              ],
              "rotation": [
                0.0,
                0.0,
                0.0
              ],
              "uv": [
                0,
                11
              ],
              "inflate": 0
            }
          ],
          "rotation": [
            0,
            -12.5,
            0
          ],
          "bind_pose_rotation": [
            0,
            0,
            0
          ]
        }
      ]
    }
  ]
}