{
  "format_version": "1.12.0",
  "minecraft:geometry": [
    {
      "description": {
        "identifier": "geometry.item_greenduckling",
        "texture_width": 64,
        "texture_height": 64,
        "visible_bounds_width": 2,
        "visible_bounds_height": 2.5,
        "visible_bounds_offset": [
          0,
          0.75,
          0
        ]
      },
      "bones": [
        {
          "name": "bb_main",
          "pivot": [
            0,
            0,
            0
          ],
          "cubes": [
            {
              "origin": [
                -7.0,
                0.0,
                -5.0
              ],
              "size": [
                14.0,
                16.0,
                10.0
              ],
              "uv": [
                0,
                0
              ],
              "inflate": 0
            },
            {
              "origin": [
                1.0,
                5.0,
                5.0
              ],
              "size": [
                5.0,
                3.0,
                1.0
              ],
              "pivot": [
                0.0,
                0.0,
                0.0
              ],
              "rotation": [
                0.0,
                0.0,
                -5.0
              ],
              "uv": [
                26,
                26
              ],
              "inflate": 0
            },
            {
              "origin": [
                -6.0,
                5.0,
                5.0
              ],
              "size": [
                5.0,
                3.0,
                1.0
              ],
              "pivot": [
                0.0,
                0.0,
                0.0
              ],
              "rotation": [
                0.0,
                0.0,
                5.0
              ],
              "uv": [
                14,
                26
              ],
              "inflate": 0
            },
            {
              "origin": [
                -5.0,
                0.0,
                5.0
              ],
              "size": [
                4.0,
                1.0,
                2.0
              ],
              "uv": [
                10,
                30
              ],
              "inflate": 0
            },
            {
              "origin": [
                1.0,
                0.0,
                5.0
              ],
              "size": [
                4.0,
                1.0,
                2.0
              ],
              "uv": [
                0,
                29
              ],
              "inflate": 0
            },
            {
              "origin": [
                -3.0,
                11.0,
                5.0
              ],
              "size": [
                6.0,
                2.0,
                1.0
              ],
              "uv": [
                0,
                26
              ],
              "inflate": 0
            }
          ]
        }
      ]
    }
  ]
}