{
  "format_version": "1.12.0",
  "minecraft:geometry": [
    {
      "description": {
        "identifier": "geometry.item_happysadmugs1",
        "texture_width": 32,
        "texture_height": 32,
        "visible_bounds_width": 3,
        "visible_bounds_height": 1.5,
        "visible_bounds_offset": [
          0,
          0.25,
          0
        ]
      },
      "bones": [
        {
          "name": "bb_main",
          "pivot": [
            0,
            0,
            0
          ],
          "cubes": [
            {
              "origin": [
                1.0,
                0.0,
                -4.0
              ],
              "size": [
                6.0,
                7.0,
                6.0
              ],
              "pivot": [
                0.0,
                0.0,
                0.0
              ],
              "rotation": [
                0.0,
                -5.0,
                0.0
              ],
              "uv": [
                0,
                13
              ],
              "inflate": 0
            },
            {
              "origin": [
                -7.0,
                0.0,
                -3.0
              ],
              "size": [
                6.0,
                7.0,
                6.0
              ],
              "pivot": [
                0.0,
                0.0,
                0.0
              ],
              "rotation": [
                0.0,
                2.5,
                0.0
              ],
              "uv": [
                0,
                0
              ],
              "inflate": 0
            },
            {
              "origin": [
                7.0,
                1.0,
                -2.0
              ],
              "size": [
                2.0,
                1.0,
                2.0
              ],
              "pivot": [
                0.0,
                0.0,
                0.0
              ],
              "rotation": [
                0.0,
                -5.0,
                0.0
              ],
              "uv": [
                18,
                16
              ],
              "inflate": 0
            },
            {
              "origin": [
                -9.0,
                1.0,
                -1.0
              ],
              "size": [
                2.0,
                1.0,
                2.0
              ],
              "pivot": [
                0.0,
                0.0,
                0.0
              ],
              "rotation": [
                0.0,
                2.5,
                0.0
              ],
              "uv": [
                18,
                0
              ],
              "inflate": 0
            },
            {
              "origin": [
                7.0,
                5.0,
                -2.0
              ],
              "size": [
                2.0,
                1.0,
                2.0
              ],
              "pivot": [
                0.0,
                0.0,
                0.0
              ],
              "rotation": [
                0.0,
                -5.0,
                0.0
              ],
              "uv": [
                18,
                13
              ],
              "inflate": 0
            },
            {
              "origin": [
                -9.0,
                5.0,
                -1.0
              ],
              "size": [
                2.0,
                1.0,
                2.0
              ],
              "pivot": [
                0.0,
                0.0,
                0.0
              ],
              "rotation": [
                0.0,
                2.5,
                0.0
              ],
              "uv": [
                18,
                3
              ],
              "inflate": 0
            },
            {
              "origin": [
                8.0,
                2.0,
                -2.0
              ],
              "size": [
                1.0,
                3.0,
                2.0
              ],
              "pivot": [
                0.0,
                0.0,
                0.0
              ],
              "rotation": [
                0.0,
                -5.0,
                0.0
              ],
              "uv": [
                0,
                13
              ],
              "inflate": 0
            },
            {
              "origin": [
                -9.0,
                2.0,
                -1.0
              ],
              "size": [
                1.0,
                3.0,
                2.0
              ],
              "pivot": [
                0.0,
                0.0,
                0.0
              ],
              "rotation": [
                0.0,
                2.5,
                0.0
              ],
              "uv": [
                0,
                0
              ],
              "inflate": 0
            }
          ]
        }
      ]
    }
  ]
}