{
  "format_version": "1.12.0",
  "minecraft:geometry": [
    {
      "description": {
        "identifier": "geometry.item_bedframe3",
        "texture_width": 256,
        "texture_height": 256,
        "visible_bounds_width": 6,
        "visible_bounds_height": 4,
        "visible_bounds_offset": [
          0,
          1,
          0
        ]
      },
      "bones": [
        {
          "name": "bb_main",
          "pivot": [
            0,
            0,
            0
          ],
          "cubes": [
            {
              "origin": [
                -24.0,
                3.0,
                -8.0
              ],
              "size": [
                32.0,
                27.0,
                3.0
              ],
              "uv": [
                0,
                49
              ],
              "inflate": 0
            },
            {
              "origin": [
                -24.0,
                3.0,
                -5.0
              ],
              "size": [
                32.0,
                4.0,
                45.0
              ],
              "uv": [
                0,
                0
              ],
              "inflate": 0
            },
            {
              "origin": [
                4.0,
                30.0,
                -8.0
              ],
              "size": [
                4.0,
                3.0,
                3.0
              ],
              "uv": [
                11,
                17
              ],
              "inflate": 0
            },
            {
              "origin": [
                -24.0,
                30.0,
                -8.0
              ],
              "size": [
                4.0,
                3.0,
                3.0
              ],
              "uv": [
                0,
                14
              ],
              "inflate": 0
            },
            {
              "origin": [
                4.0,
                0.0,
                36.0
              ],
              "size": [
                4.0,
                3.0,
                4.0
              ],
              "uv": [
                0,
                7
              ],
              "inflate": 0
            },
            {
              "origin": [
                -24.0,
                0.0,
                36.0
              ],
              "size": [
                4.0,
                3.0,
                4.0
              ],
              "uv": [
                0,
                0
              ],
              "inflate": 0
            },
            {
              "origin": [
                -24.0,
                0.0,
                -8.0
              ],
              "size": [
                4.0,
                3.0,
                3.0
              ],
              "uv": [
                13,
                11
              ],
              "inflate": 0
            },
            {
              "origin": [
                4.0,
                0.0,
                -8.0
              ],
              "size": [
                4.0,
                3.0,
                3.0
              ],
              "uv": [
                13,
                4
              ],
              "inflate": 0
            }
          ]
        }
      ]
    }
  ]
}