{
  "format_version": "1.12.0",
  "minecraft:geometry": [
    {
      "description": {
        "identifier": "geometry.item_coffeestand1",
        "texture_width": 64,
        "texture_height": 64,
        "visible_bounds_width": 2,
        "visible_bounds_height": 2.5,
        "visible_bounds_offset": [
          0,
          0.75,
          0
        ]
      },
      "bones": [
        {
          "name": "bb_main",
          "pivot": [
            0,
            0,
            0
          ],
          "cubes": [
            {
              "origin": [
                -7.0,
                1.0,
                -6.0
              ],
              "size": [
                14.0,
                16.0,
                2.0
              ],
              "pivot": [
                0.0,
                0.0,
                0.0
              ],
              "rotation": [
                -15.0,
                0.0,
                0.0
              ],
              "uv": [
                0,
                18
              ],
              "inflate": 0
            },
            {
              "origin": [
                -7.0,
                1.0,
                4.0
              ],
              "size": [
                14.0,
                16.0,
                2.0
              ],
              "pivot": [
                0.0,
                0.0,
                0.0
              ],
              "rotation": [
                15.0,
                0.0,
                0.0
              ],
              "uv": [
                0,
                0
              ],
              "inflate": 0
            },
            {
              "origin": [
                -7.0,
                0.0,
                -5.0
              ],
              "size": [
                3.0,
                3.0,
                2.0
              ],
              "uv": [
                32,
                15
              ],
              "inflate": 0
            },
            {
              "origin": [
                4.0,
                0.0,
                -5.0
              ],
              "size": [
                3.0,
                3.0,
                2.0
              ],
              "uv": [
                32,
                10
              ],
              "inflate": 0
            },
            {
              "origin": [
                4.0,
                0.0,
                3.0
              ],
              "size": [
                3.0,
                3.0,
                2.0
              ],
              "uv": [
                32,
                5
              ],
              "inflate": 0
            },
            {
              "origin": [
                -7.0,
                0.0,
                3.0
              ],
              "size": [
                3.0,
                3.0,
                2.0
              ],
              "uv": [
                32,
                0
              ],
              "inflate": 0
            }
          ]
        }
      ]
    }
  ]
}