{
  "resource_pack_name": "vanilla",
  "texture_name": "atlas.terrain",
  "padding": 8,
  "num_mip_levels": 4,
  "texture_data": {
    "da_hanging_plants_6": {
      "textures": [
        "textures/blocks/da_hanging_plants_6"
      ]
    },
    "da_hang_plants_4": {
      "textures": [
        "textures/blocks/da_hang_plants_4"
      ]
    },
    "da_bed_4": {
      "textures": [
        "textures/blocks/da_bed_4"
      ]
    },
    "da_hanging_plants_4": {
      "textures": [
        "textures/blocks/da_hanging_plants_4"
      ]
    },
    "da_hanging_plants_1": {
      "textures": [
        "textures/blocks/da_hanging_plants_1"
      ]
    },
    "da_flowering_vine_red": {
      "textures": [
        "textures/blocks/da_flowering_vine_red"
      ]
    },
    "da_flowering_vine_white": {
      "textures": [
        "textures/blocks/da_flowering_vine_white"
      ]
    },
    "da_welcome_sign": {
      "textures": [
        "textures/blocks/da_welcome_sign"
      ]
    },
    "da_flowering_vine_purple": {
      "textures": [
        "textures/blocks/da_flowering_vine_purple"
      ]
    },
    "da_bed_2": {
      "textures": [
        "textures/blocks/da_bed_2"
      ]
    },
    "da_wooden_clothing_rack": {
      "textures": [
        "textures/blocks/da_wooden_clothing_rack"
      ]
    },
    "da_pink_curtain": {
      "textures": [
        "textures/blocks/da_pink_curtain"
      ]
    },
    "da_flowering_vine_pink": {
      "textures": [
        "textures/blocks/da_flowering_vine_pink"
      ]
    },
    "da_round_carpet": {
      "textures": [
        "textures/blocks/da_round_carpet"
      ]
    },
    "da_ladder_red": {
      "textures": [
        "textures/blocks/da_ladder_red"
      ]
    },
    "da_ladder_yellow": {
      "textures": [
        "textures/blocks/da_ladder_yellow"
      ]
    },
    "da_hanging_plants_5": {
      "textures": [
        "textures/blocks/da_hanging_plants_5"
      ]
    },
    "da_strawberry_carpet": {
      "textures": [
        "textures/blocks/da_strawberry_carpet"
      ]
    },
    "da_sun_carpet": {
      "textures": [
        "textures/blocks/da_sun_carpet"
      ]
    },
    "da_uniform": {
      "textures": [
        "textures/blocks/da_uniform"
      ]
    },
    "da_lattice_birch": {
      "textures": [
        "textures/blocks/da_lattice_birch"
      ]
    },
    "da_pitcher_vase_pink": {
      "textures": [
        "textures/blocks/da_pitcher_vase_pink"
      ]
    },
    "da_bed_3": {
      "textures": [
        "textures/blocks/da_bed_3"
      ]
    },
    "pa_pastel_carpet": {
      "textures": [
        "textures/blocks/pa_pastel_carpet"
      ]
    },
    "da_flower_pot_rose": {
      "textures": [
        "textures/blocks/da_flower_pot_rose"
      ]
    },
    "da_vintage_mirror": {
      "textures": [
        "textures/blocks/da_vintage_mirror"
      ]
    },
    "da_lattice_spruce": {
      "textures": [
        "textures/blocks/da_lattice_spruce"
      ]
    },
    "da_jennie_outfit": {
      "textures": [
        "textures/blocks/da_jennie_outfit"
      ]
    },
    "da_hanging_plants_2": {
      "textures": [
        "textures/blocks/da_hanging_plants_2"
      ]
    },
    "da_ladder_birch": {
      "textures": [
        "textures/blocks/da_ladder_birch"
      ]
    },
    "da_hang_plants_5": {
      "textures": [
        "textures/blocks/da_hang_plants_5"
      ]
    },
    "da_bed_1": {
      "textures": [
        "textures/blocks/da_bed_1"
      ]
    },
    "da_flowering_vine_orange": {
      "textures": [
        "textures/blocks/da_flowering_vine_orange"
      ]
    },
    "pa_pitcher_vase_yellow": {
      "textures": [
        "textures/blocks/pa_pitcher_vase_yellow"
      ]
    },
    "da_ladder_green": {
      "textures": [
        "textures/blocks/da_ladder_green"
      ]
    },
    "da_hang_plants_2": {
      "textures": [
        "textures/blocks/da_hang_plants_2"
      ]
    },
    "da_ladder_pink": {
      "textures": [
        "textures/blocks/da_ladder_pink"
      ]
    },
    "pa_pitcher_vase_white": {
      "textures": [
        "textures/blocks/pa_pitcher_vase_white"
      ]
    },
    "da_egg_carpet": {
      "textures": [
        "textures/blocks/da_egg_carpet"
      ]
    },
    "da_hanging_plants_3": {
      "textures": [
        "textures/blocks/da_hanging_plants_3"
      ]
    }
  }
}