{
  "format_version": "1.16.100",
  "minecraft:block": {
    "description": {
      "identifier": "ec:modern_old_radio_1",
      "category": "Nature",
      "properties": {
        "block:rotation": [
          0,
          1,
          2,
          3,
          4,
          5,
          6
        ]
      }
    },
    "components": {
      "minecraft:loot": "loot_tables/blocks/ec_modern_old_radio_1.json",
      "minecraft:destroy_time": 0.3,
      "minecraft:friction": 0.7,
      "minecraft:map_color": "#FFFFFF",
      "minecraft:explosion_resistance": 1.0,
      "minecraft:block_light_absorption": 0.0,
      "minecraft:block_light_emission": 0.0,
      "minecraft:on_player_placing": {
        "event": "update_rotation"
      },
      "minecraft:on_placed": {
        "event": "size:block",
        "target": "self"
      },
      "minecraft:material_instances": {
        "*": {
          "texture": "ec_modern_old_radio_1",
          "render_method": "blend"
        }
      },
      "minecraft:geometry": "geometry.ec_modern_old_radio_1",
      "minecraft:pick_collision": {
        "origin": [
          -5.5,
          0,
          -2.8
        ],
        "size": [
          11.0,
          7.0,
          5.6
        ]
      },
      "minecraft:entity_collision": {
        "origin": [
          -5.5,
          0,
          -2.8
        ],
        "size": [
          11.0,
          7.0,
          5.6
        ]
      },
      "minecraft:on_player_destroyed": {
        "event": "remove:block",
        "target": "self"
      },
      "minecraft:ticking": {
        "looping": true,
        "range": [
          10,
          10
        ],
        "on_tick": {
          "event": "on_tick",
          "target": "self"
        }
      }
    },
    "permutations": [
      {
        "condition": "query.block_property('block:rotation') == 2",
        "components": {
          "minecraft:rotation": [
            0,
            0,
            0
          ]
        }
      },
      {
        "condition": "query.block_property('block:rotation') == 3",
        "components": {
          "minecraft:rotation": [
            0,
            -180,
            0
          ]
        }
      },
      {
        "condition": "query.block_property('block:rotation') == 4",
        "components": {
          "minecraft:rotation": [
            0,
            90,
            0
          ]
        }
      },
      {
        "condition": "query.block_property('block:rotation') == 5",
        "components": {
          "minecraft:rotation": [
            0,
            -90,
            0
          ]
        }
      }
    ],
    "events": {
      "update_rotation": {
        "set_block_property": {
          "block:rotation": "query.cardinal_facing_2d"
        }
      },
      "size:block": {
        "run_command": {
          "command": []
        }
      },
      "remove:block": {
        "run_command": {
          "command": []
        }
      },
      "on_tick": {
        "run_command": {
          "command": []
        }
      }
    }
  }
}