{
  "format_version": "1.12.0",
  "minecraft:geometry": [
    {
      "description": {
        "identifier": "geometry.da_bed_4",
        "texture_width": 128,
        "texture_height": 128,
        "visible_bounds_width": 9,
        "visible_bounds_height": 3,
        "visible_bounds_offset": [
          0,
          0.5,
          0
        ]
      },
      "bones": [
        {
          "name": "body",
          "pivot": [
            0,
            0,
            1
          ],
          "cubes": [
            {
              "origin": [
                -6.0,
                16.0,
                9.0
              ],
              "size": [
                12.0,
                1.0,
                1.0
              ],
              "uv": [
                0,
                25
              ],
              "inflate": 0
            },
            {
              "origin": [
                -8.0,
                13.0,
                9.0
              ],
              "size": [
                16.0,
                3.0,
                1.0
              ],
              "uv": [
                32,
                60
              ],
              "inflate": 0
            },
            {
              "origin": [
                -8.0,
                3.0,
                9.0
              ],
              "size": [
                16.0,
                3.0,
                1.0
              ],
              "uv": [
                32,
                60
              ],
              "inflate": 0
            },
            {
              "origin": [
                -8.0,
                3.0,
                -24.0
              ],
              "size": [
                16.0,
                3.0,
                1.0
              ],
              "uv": [
                32,
                60
              ],
              "inflate": 0
            },
            {
              "origin": [
                -10.0,
                0.0,
                8.0
              ],
              "size": [
                2.0,
                19.0,
                2.0
              ],
              "uv": [
                0,
                33
              ],
              "inflate": 0
            },
            {
              "origin": [
                8.0,
                0.0,
                8.0
              ],
              "size": [
                2.0,
                19.0,
                2.0
              ],
              "uv": [
                0,
                33
              ],
              "inflate": 0
            },
            {
              "origin": [
                -10.0,
                0.0,
                -24.0
              ],
              "size": [
                2.0,
                7.0,
                2.0
              ],
              "uv": [
                22,
                14
              ],
              "inflate": 0,
              "mirror": true
            },
            {
              "origin": [
                8.0,
                0.0,
                -24.0
              ],
              "size": [
                2.0,
                7.0,
                2.0
              ],
              "uv": [
                22,
                14
              ],
              "inflate": 0
            },
            {
              "origin": [
                -4.0,
                6.0,
                9.0
              ],
              "size": [
                1.0,
                7.0,
                1.0
              ],
              "uv": [
                28,
                0
              ],
              "inflate": 0
            },
            {
              "origin": [
                3.0,
                6.0,
                9.0
              ],
              "size": [
                1.0,
                7.0,
                1.0
              ],
              "uv": [
                28,
                0
              ],
              "inflate": 0
            },
            {
              "origin": [
                -9.0,
                3.0,
                -23.0
              ],
              "size": [
                1.0,
                3.0,
                32.0
              ],
              "uv": [
                46,
                33
              ],
              "inflate": 0
            },
            {
              "origin": [
                9.0,
                0.0,
                -22.0
              ],
              "size": [
                0.0,
                3.0,
                11.0
              ],
              "uv": [
                0,
                5
              ],
              "inflate": 0
            },
            {
              "origin": [
                8.0,
                0.0,
                -3.0
              ],
              "size": [
                0.0,
                3.0,
                11.0
              ],
              "uv": [
                0,
                5
              ],
              "inflate": 0
            },
            {
              "origin": [
                -9.0,
                -1.0,
                -13.0
              ],
              "size": [
                0.0,
                4.0,
                12.0
              ],
              "pivot": [
                0.0,
                0.0,
                1.0
              ],
              "rotation": [
                0.0,
                0.0,
                5.0
              ],
              "uv": [
                0,
                0
              ],
              "inflate": 0
            },
            {
              "origin": [
                -8.0,
                0.0,
                -1.0
              ],
              "size": [
                0.0,
                3.0,
                9.0
              ],
              "uv": [
                0,
                13
              ],
              "inflate": 0
            },
            {
              "origin": [
                -8.0,
                0.0,
                -22.0
              ],
              "size": [
                0.0,
                3.0,
                9.0
              ],
              "uv": [
                0,
                13
              ],
              "inflate": 0
            },
            {
              "origin": [
                -9.0,
                0.0,
                -1.0
              ],
              "size": [
                1.0,
                5.0,
                0.0
              ],
              "uv": [
                24,
                27
              ],
              "inflate": 0
            },
            {
              "origin": [
                -9.0,
                0.0,
                -13.0
              ],
              "size": [
                1.0,
                5.0,
                0.0
              ],
              "uv": [
                24,
                27
              ],
              "inflate": 0
            },
            {
              "origin": [
                8.0,
                0.0,
                -1.0
              ],
              "size": [
                1.0,
                5.0,
                0.0
              ],
              "uv": [
                24,
                27
              ],
              "inflate": 0
            },
            {
              "origin": [
                8.0,
                0.0,
                -11.0
              ],
              "size": [
                1.0,
                5.0,
                0.0
              ],
              "uv": [
                24,
                27
              ],
              "inflate": 0
            },
            {
              "origin": [
                8.0,
                -1.0,
                -11.0
              ],
              "size": [
                0.0,
                3.0,
                10.0
              ],
              "pivot": [
                0.0,
                0.0,
                1.0
              ],
              "rotation": [
                0.0,
                0.0,
                -7.5
              ],
              "uv": [
                0,
                9
              ],
              "inflate": 0
            },
            {
              "origin": [
                -8.0,
                0.0,
                -23.0
              ],
              "size": [
                8.0,
                3.0,
                0.0
              ],
              "uv": [
                0,
                27
              ],
              "inflate": 0
            },
            {
              "origin": [
                0.0,
                -3.0,
                -24.0
              ],
              "size": [
                8.0,
                3.0,
                0.0
              ],
              "pivot": [
                0.0,
                0.0,
                1.0
              ],
              "rotation": [
                -7.5,
                0.0,
                0.0
              ],
              "uv": [
                0,
                27
              ],
              "inflate": 0
            },
            {
              "origin": [
                0.0,
                0.0,
                -24.0
              ],
              "size": [
                0.0,
                3.0,
                1.0
              ],
              "uv": [
                20,
                18
              ],
              "inflate": 0
            },
            {
              "origin": [
                8.0,
                0.0,
                -24.0
              ],
              "size": [
                0.0,
                3.0,
                1.0
              ],
              "uv": [
                20,
                18
              ],
              "inflate": 0
            },
            {
              "origin": [
                -8.0,
                0.0,
                9.0
              ],
              "size": [
                16.0,
                3.0,
                0.0
              ],
              "uv": [
                0,
                9
              ],
              "inflate": 0
            },
            {
              "origin": [
                -8.0,
                4.0,
                -23.0
              ],
              "size": [
                16.0,
                1.0,
                32.0
              ],
              "uv": [
                0,
                0
              ],
              "inflate": 0
            },
            {
              "origin": [
                -8.0,
                5.0,
                -23.0
              ],
              "size": [
                16.0,
                4.0,
                23.0
              ],
              "uv": [
                0,
                33
              ],
              "inflate": 0
            },
            {
              "origin": [
                -8.0,
                5.0,
                0.0
              ],
              "size": [
                16.0,
                4.0,
                9.0
              ],
              "uv": [
                64,
                0
              ],
              "inflate": 0
            },
            {
              "origin": [
                -8.0,
                9.0,
                0.0
              ],
              "size": [
                16.0,
                0.0,
                4.0
              ],
              "uv": [
                60,
                13
              ],
              "inflate": 0
            },
            {
              "origin": [
                -8.0,
                -9.0,
                -68.0
              ],
              "size": [
                0.0,
                3.0,
                4.0
              ],
              "pivot": [
                0.0,
                0.0,
                -32.0
              ],
              "rotation": [
                180.0,
                0.0,
                0.0
              ],
              "uv": [
                16,
                23
              ],
              "inflate": 0
            },
            {
              "origin": [
                -5.0,
                9.0,
                1.0
              ],
              "size": [
                11.0,
                6.0,
                3.0
              ],
              "pivot": [
                0.0,
                0.0,
                1.0
              ],
              "rotation": [
                -22.5,
                0.0,
                0.0
              ],
              "uv": [
                0,
                0
              ],
              "inflate": 0
            },
            {
              "origin": [
                -7.0,
                8.0,
                2.0
              ],
              "size": [
                2.0,
                7.0,
                0.0
              ],
              "pivot": [
                0.0,
                0.0,
                1.0
              ],
              "rotation": [
                -22.5,
                0.0,
                0.0
              ],
              "uv": [
                8,
                33
              ],
              "inflate": 0
            },
            {
              "origin": [
                -8.0,
                9.0,
                0.0
              ],
              "size": [
                3.0,
                7.0,
                0.0
              ],
              "pivot": [
                0.0,
                0.0,
                1.0
              ],
              "rotation": [
                22.5,
                -177.5,
                0.0
              ],
              "uv": [
                26,
                25
              ],
              "inflate": 0
            },
            {
              "origin": [
                8.0,
                3.0,
                -22.0
              ],
              "size": [
                1.0,
                3.0,
                30.0
              ],
              "uv": [
                0,
                60
              ],
              "inflate": 0
            },
            {
              "origin": [
                -6.0,
                15.0,
                2.0
              ],
              "size": [
                6.0,
                2.0,
                0.0
              ],
              "pivot": [
                0.0,
                0.0,
                1.0
              ],
              "rotation": [
                -22.5,
                0.0,
                0.0
              ],
              "uv": [
                18,
                23
              ],
              "inflate": 0
            },
            {
              "origin": [
                0.0,
                15.0,
                2.0
              ],
              "size": [
                6.0,
                2.0,
                0.0
              ],
              "pivot": [
                0.0,
                0.0,
                1.0
              ],
              "rotation": [
                -22.5,
                0.0,
                0.0
              ],
              "uv": [
                18,
                23
              ],
              "inflate": 0
            }
          ],
          "rotation": [
            0,
            180,
            0
          ]
        },
        {
          "name": "petals",
          "pivot": [
            0,
            0,
            0
          ]
        }
      ]
    }
  ]
}