{
  "format_version": "1.12.0",
  "minecraft:geometry": [
    {
      "description": {
        "identifier": "geometry.da_bed_2",
        "texture_width": 128,
        "texture_height": 128,
        "visible_bounds_width": 7,
        "visible_bounds_height": 3,
        "visible_bounds_offset": [
          0,
          0.5,
          0
        ]
      },
      "bones": [
        {
          "name": "body",
          "pivot": [
            0,
            0,
            -1
          ],
          "cubes": [
            {
              "origin": [
                -6.0,
                16.0,
                7.0
              ],
              "size": [
                19.0,
                1.0,
                1.0
              ],
              "uv": [
                78,
                11
              ],
              "inflate": 0
            },
            {
              "origin": [
                -8.0,
                13.0,
                7.0
              ],
              "size": [
                23.0,
                3.0,
                1.0
              ],
              "uv": [
                32,
                61
              ],
              "inflate": 0,
              "mirror": true
            },
            {
              "origin": [
                -8.0,
                3.0,
                7.0
              ],
              "size": [
                23.0,
                3.0,
                1.0
              ],
              "uv": [
                32,
                61
              ],
              "inflate": 0,
              "mirror": true
            },
            {
              "origin": [
                -8.0,
                3.0,
                -26.0
              ],
              "size": [
                23.0,
                3.0,
                1.0
              ],
              "uv": [
                32,
                61
              ],
              "inflate": 0
            },
            {
              "origin": [
                -10.0,
                0.0,
                6.0
              ],
              "size": [
                2.0,
                19.0,
                2.0
              ],
              "uv": [
                24,
                9
              ],
              "inflate": 0
            },
            {
              "origin": [
                15.0,
                0.0,
                6.0
              ],
              "size": [
                2.0,
                19.0,
                2.0
              ],
              "uv": [
                24,
                9
              ],
              "inflate": 0
            },
            {
              "origin": [
                -10.0,
                0.0,
                -26.0
              ],
              "size": [
                2.0,
                7.0,
                2.0
              ],
              "uv": [
                0,
                0
              ],
              "inflate": 0
            },
            {
              "origin": [
                15.0,
                0.0,
                -26.0
              ],
              "size": [
                2.0,
                7.0,
                2.0
              ],
              "uv": [
                0,
                0
              ],
              "inflate": 0
            },
            {
              "origin": [
                15.0,
                7.0,
                -26.0
              ],
              "size": [
                2.0,
                2.0,
                2.0
              ],
              "uv": [
                18,
                28
              ],
              "inflate": 0
            },
            {
              "origin": [
                -10.0,
                7.0,
                -26.0
              ],
              "size": [
                2.0,
                2.0,
                2.0
              ],
              "uv": [
                18,
                28
              ],
              "inflate": 0
            },
            {
              "origin": [
                -1.0,
                6.0,
                7.0
              ],
              "size": [
                1.0,
                7.0,
                1.0
              ],
              "uv": [
                16,
                36
              ],
              "inflate": 0
            },
            {
              "origin": [
                7.0,
                6.0,
                7.0
              ],
              "size": [
                1.0,
                7.0,
                1.0
              ],
              "uv": [
                16,
                36
              ],
              "inflate": 0
            },
            {
              "origin": [
                -9.0,
                3.0,
                -25.0
              ],
              "size": [
                1.0,
                3.0,
                32.0
              ],
              "uv": [
                60,
                33
              ],
              "inflate": 0
            },
            {
              "origin": [
                15.0,
                0.0,
                -24.0
              ],
              "size": [
                0.0,
                5.0,
                11.0
              ],
              "uv": [
                0,
                6
              ],
              "inflate": 0
            },
            {
              "origin": [
                15.0,
                0.0,
                -5.0
              ],
              "size": [
                0.0,
                5.0,
                11.0
              ],
              "uv": [
                0,
                6
              ],
              "inflate": 0
            },
            {
              "origin": [
                -9.0,
                -1.0,
                -15.0
              ],
              "size": [
                0.0,
                5.0,
                12.0
              ],
              "pivot": [
                0.0,
                0.0,
                -1.0
              ],
              "rotation": [
                0.0,
                0.0,
                5.0
              ],
              "uv": [
                0,
                0
              ],
              "inflate": 0
            },
            {
              "origin": [
                -8.0,
                0.0,
                -3.0
              ],
              "size": [
                0.0,
                5.0,
                9.0
              ],
              "uv": [
                0,
                18
              ],
              "inflate": 0
            },
            {
              "origin": [
                -8.0,
                0.0,
                -24.0
              ],
              "size": [
                0.0,
                5.0,
                9.0
              ],
              "uv": [
                0,
                18
              ],
              "inflate": 0
            },
            {
              "origin": [
                -9.0,
                0.0,
                -3.0
              ],
              "size": [
                1.0,
                5.0,
                0.0
              ],
              "uv": [
                20,
                22
              ],
              "inflate": 0
            },
            {
              "origin": [
                -9.0,
                0.0,
                -15.0
              ],
              "size": [
                1.0,
                5.0,
                0.0
              ],
              "uv": [
                20,
                22
              ],
              "inflate": 0
            },
            {
              "origin": [
                15.0,
                0.0,
                -3.0
              ],
              "size": [
                1.0,
                5.0,
                0.0
              ],
              "uv": [
                20,
                22
              ],
              "inflate": 0
            },
            {
              "origin": [
                15.0,
                0.0,
                -13.0
              ],
              "size": [
                1.0,
                5.0,
                0.0
              ],
              "uv": [
                20,
                22
              ],
              "inflate": 0
            },
            {
              "origin": [
                -9.0,
                0.0,
                -13.0
              ],
              "size": [
                1.0,
                5.0,
                0.0
              ],
              "uv": [
                20,
                22
              ],
              "inflate": 0
            },
            {
              "origin": [
                16.0,
                -2.0,
                -13.0
              ],
              "size": [
                0.0,
                5.0,
                10.0
              ],
              "pivot": [
                0.0,
                0.0,
                -1.0
              ],
              "rotation": [
                0.0,
                0.0,
                -7.5
              ],
              "uv": [
                0,
                12
              ],
              "inflate": 0
            },
            {
              "origin": [
                7.0,
                0.0,
                -25.0
              ],
              "size": [
                8.0,
                3.0,
                0.0
              ],
              "uv": [
                0,
                36
              ],
              "inflate": 0
            },
            {
              "origin": [
                -8.0,
                0.0,
                -25.0
              ],
              "size": [
                8.0,
                3.0,
                0.0
              ],
              "uv": [
                0,
                36
              ],
              "inflate": 0
            },
            {
              "origin": [
                0.0,
                -3.0,
                -26.0
              ],
              "size": [
                8.0,
                3.0,
                0.0
              ],
              "pivot": [
                0.0,
                0.0,
                -1.0
              ],
              "rotation": [
                -7.5,
                0.0,
                0.0
              ],
              "uv": [
                0,
                36
              ],
              "inflate": 0
            },
            {
              "origin": [
                0.0,
                0.0,
                -26.0
              ],
              "size": [
                0.0,
                3.0,
                1.0
              ],
              "uv": [
                22,
                24
              ],
              "inflate": 0
            },
            {
              "origin": [
                8.0,
                0.0,
                -26.0
              ],
              "size": [
                0.0,
                3.0,
                1.0
              ],
              "uv": [
                22,
                24
              ],
              "inflate": 0
            },
            {
              "origin": [
                4.0,
                0.0,
                7.0
              ],
              "size": [
                11.0,
                3.0,
                0.0
              ],
              "uv": [
                0,
                33
              ],
              "inflate": 0
            },
            {
              "origin": [
                -8.0,
                0.0,
                7.0
              ],
              "size": [
                12.0,
                3.0,
                0.0
              ],
              "uv": [
                0,
                9
              ],
              "inflate": 0
            },
            {
              "origin": [
                -8.0,
                4.0,
                -25.0
              ],
              "size": [
                23.0,
                1.0,
                32.0
              ],
              "uv": [
                0,
                0
              ],
              "inflate": 0
            },
            {
              "origin": [
                -8.0,
                5.0,
                -25.0
              ],
              "size": [
                23.0,
                5.0,
                23.0
              ],
              "uv": [
                0,
                33
              ],
              "inflate": 0
            },
            {
              "origin": [
                -8.0,
                6.0,
                -2.0
              ],
              "size": [
                23.0,
                4.0,
                9.0
              ],
              "uv": [
                32,
                68
              ],
              "inflate": 0
            },
            {
              "origin": [
                -5.0,
                8.0,
                -2.0
              ],
              "size": [
                16.0,
                8.0,
                3.0
              ],
              "pivot": [
                0.0,
                0.0,
                -1.0
              ],
              "rotation": [
                -22.5,
                0.0,
                0.0
              ],
              "uv": [
                78,
                0
              ],
              "inflate": 0
            },
            {
              "origin": [
                11.0,
                9.0,
                0.0
              ],
              "size": [
                1.0,
                7.0,
                0.0
              ],
              "pivot": [
                0.0,
                0.0,
                -1.0
              ],
              "rotation": [
                -22.5,
                0.0,
                0.0
              ],
              "uv": [
                20,
                36
              ],
              "inflate": 0
            },
            {
              "origin": [
                -6.0,
                9.0,
                0.0
              ],
              "size": [
                1.0,
                7.0,
                0.0
              ],
              "pivot": [
                0.0,
                0.0,
                -1.0
              ],
              "rotation": [
                -22.5,
                0.0,
                0.0
              ],
              "uv": [
                29,
                0
              ],
              "inflate": 0
            },
            {
              "origin": [
                -17.0,
                -5.0,
                0.0
              ],
              "size": [
                1.0,
                8.0,
                0.0
              ],
              "pivot": [
                0.0,
                0.0,
                -1.0
              ],
              "rotation": [
                -2.5,
                22.5,
                90.0
              ],
              "uv": [
                22,
                17
              ],
              "inflate": 0
            },
            {
              "origin": [
                -17.0,
                3.0,
                0.0
              ],
              "size": [
                1.0,
                8.0,
                0.0
              ],
              "pivot": [
                0.0,
                0.0,
                -1.0
              ],
              "rotation": [
                -2.5,
                22.5,
                90.0
              ],
              "uv": [
                22,
                17
              ],
              "inflate": 0
            },
            {
              "origin": [
                15.0,
                3.0,
                -24.0
              ],
              "size": [
                1.0,
                3.0,
                30.0
              ],
              "uv": [
                0,
                61
              ],
              "inflate": 0
            }
          ],
          "rotation": [
            0,
            180,
            0
          ]
        }
      ]
    }
  ]
}