{
  "format_version": "1.12.0",
  "minecraft:geometry": [
    {
      "description": {
        "identifier": "geometry.da_flowering_vine_red",
        "texture_width": 16,
        "texture_height": 16,
        "visible_bounds_width": 3,
        "visible_bounds_height": 4,
        "visible_bounds_offset": [
          0,
          1,
          0
        ]
      },
      "bones": [
        {
          "name": "bb_main",
          "pivot": [
            0,
            0,
            16
          ]
        },
        {
          "name": "flowervine",
          "pivot": [
            0,
            0,
            0
          ],
          "cubes": [
            {
              "origin": [
                -4.0,
                5.0,
                5.0
              ],
              "size": [
                4.0,
                6.0,
                0.0
              ],
              "pivot": [
                0.0,
                0.0,
                0.0
              ],
              "rotation": [
                -12.5,
                0.0,
                0.0
              ],
              "uv": [
                0,
                0
              ],
              "inflate": 0
            },
            {
              "origin": [
                -10.0,
                12.0,
                6.0
              ],
              "size": [
                4.0,
                6.0,
                0.0
              ],
              "pivot": [
                0.0,
                0.0,
                0.0
              ],
              "rotation": [
                -7.5,
                0.0,
                0.0
              ],
              "uv": [
                0,
                0
              ],
              "inflate": 0
            },
            {
              "origin": [
                0.0,
                0.0,
                7.0
              ],
              "size": [
                4.0,
                6.0,
                0.0
              ],
              "pivot": [
                0.0,
                0.0,
                0.0
              ],
              "rotation": [
                -10.0,
                0.0,
                0.0
              ],
              "uv": [
                0,
                0
              ],
              "inflate": 0
            },
            {
              "origin": [
                -2.0,
                15.0,
                3.0
              ],
              "size": [
                4.0,
                6.0,
                0.0
              ],
              "pivot": [
                0.0,
                0.0,
                0.0
              ],
              "rotation": [
                -10.0,
                0.0,
                0.0
              ],
              "uv": [
                0,
                0
              ],
              "inflate": 0
            },
            {
              "origin": [
                -5.0,
                9.0,
                3.0
              ],
              "size": [
                2.0,
                4.0,
                2.0
              ],
              "pivot": [
                0.0,
                0.0,
                0.0
              ],
              "rotation": [
                -12.5,
                32.5,
                0.0
              ],
              "uv": [
                0,
                6
              ],
              "inflate": 0,
              "mirror": true
            },
            {
              "origin": [
                -4.0,
                21.0,
                3.0
              ],
              "size": [
                2.0,
                4.0,
                2.0
              ],
              "pivot": [
                0.0,
                0.0,
                0.0
              ],
              "rotation": [
                -10.0,
                32.5,
                0.0
              ],
              "uv": [
                0,
                6
              ],
              "inflate": 0
            },
            {
              "origin": [
                -3.0,
                24.0,
                3.0
              ],
              "size": [
                2.0,
                4.0,
                2.0
              ],
              "pivot": [
                0.0,
                0.0,
                0.0
              ],
              "rotation": [
                -12.5,
                32.5,
                0.0
              ],
              "uv": [
                0,
                6
              ],
              "inflate": 0,
              "mirror": true
            },
            {
              "origin": [
                -5.0,
                13.0,
                3.0
              ],
              "size": [
                2.0,
                4.0,
                2.0
              ],
              "pivot": [
                0.0,
                0.0,
                0.0
              ],
              "rotation": [
                -12.5,
                32.5,
                0.0
              ],
              "uv": [
                0,
                6
              ],
              "inflate": 0
            },
            {
              "origin": [
                -1.0,
                10.0,
                4.0
              ],
              "size": [
                2.0,
                3.0,
                0.0
              ],
              "pivot": [
                0.0,
                0.0,
                0.0
              ],
              "rotation": [
                -20.0,
                -2.5,
                -22.5
              ],
              "uv": [
                8,
                4
              ],
              "inflate": 0
            },
            {
              "origin": [
                0.0,
                12.0,
                3.0
              ],
              "size": [
                2.0,
                3.0,
                0.0
              ],
              "pivot": [
                0.0,
                0.0,
                0.0
              ],
              "rotation": [
                -20.0,
                -2.5,
                -22.5
              ],
              "uv": [
                8,
                4
              ],
              "inflate": 0
            },
            {
              "origin": [
                -2.0,
                5.0,
                5.0
              ],
              "size": [
                2.0,
                3.0,
                0.0
              ],
              "pivot": [
                0.0,
                0.0,
                0.0
              ],
              "rotation": [
                -20.0,
                -2.5,
                -22.5
              ],
              "uv": [
                8,
                4
              ],
              "inflate": 0
            },
            {
              "origin": [
                -3.0,
                3.0,
                6.0
              ],
              "size": [
                2.0,
                3.0,
                0.0
              ],
              "pivot": [
                0.0,
                0.0,
                0.0
              ],
              "rotation": [
                -20.0,
                -2.5,
                -22.5
              ],
              "uv": [
                8,
                4
              ],
              "inflate": 0
            },
            {
              "origin": [
                1.0,
                -2.0,
                8.0
              ],
              "size": [
                2.0,
                3.0,
                0.0
              ],
              "pivot": [
                0.0,
                0.0,
                0.0
              ],
              "rotation": [
                -20.0,
                -2.5,
                -22.5
              ],
              "uv": [
                8,
                4
              ],
              "inflate": 0
            },
            {
              "origin": [
                6.0,
                18.0,
                1.0
              ],
              "size": [
                2.0,
                3.0,
                0.0
              ],
              "pivot": [
                0.0,
                0.0,
                0.0
              ],
              "rotation": [
                -20.0,
                -2.5,
                -22.5
              ],
              "uv": [
                8,
                4
              ],
              "inflate": 0
            },
            {
              "origin": [
                -2.0,
                8.0,
                4.0
              ],
              "size": [
                2.0,
                3.0,
                0.0
              ],
              "pivot": [
                0.0,
                0.0,
                0.0
              ],
              "rotation": [
                -20.0,
                -2.5,
                -22.5
              ],
              "uv": [
                8,
                4
              ],
              "inflate": 0
            },
            {
              "origin": [
                -9.0,
                8.0,
                -5.0
              ],
              "size": [
                2.0,
                3.0,
                0.0
              ],
              "pivot": [
                0.0,
                0.0,
                0.0
              ],
              "rotation": [
                -27.5,
                90.0,
                -22.5
              ],
              "uv": [
                8,
                4
              ],
              "inflate": 0
            },
            {
              "origin": [
                -9.0,
                4.0,
                -6.0
              ],
              "size": [
                2.0,
                3.0,
                0.0
              ],
              "pivot": [
                0.0,
                0.0,
                0.0
              ],
              "rotation": [
                -27.5,
                90.0,
                -22.5
              ],
              "uv": [
                8,
                4
              ],
              "inflate": 0
            },
            {
              "origin": [
                -2.0,
                20.0,
                1.0
              ],
              "size": [
                2.0,
                3.0,
                0.0
              ],
              "pivot": [
                0.0,
                0.0,
                0.0
              ],
              "rotation": [
                -20.0,
                -2.5,
                -22.5
              ],
              "uv": [
                8,
                4
              ],
              "inflate": 0
            },
            {
              "origin": [
                6.0,
                9.0,
                3.0
              ],
              "size": [
                2.0,
                3.0,
                0.0
              ],
              "pivot": [
                0.0,
                0.0,
                0.0
              ],
              "rotation": [
                -20.0,
                -2.5,
                -22.5
              ],
              "uv": [
                8,
                4
              ],
              "inflate": 0
            },
            {
              "origin": [
                10.0,
                7.0,
                -4.0
              ],
              "size": [
                2.0,
                3.0,
                0.0
              ],
              "pivot": [
                0.0,
                0.0,
                0.0
              ],
              "rotation": [
                0.0,
                -60.0,
                -32.5
              ],
              "uv": [
                8,
                4
              ],
              "inflate": 0
            },
            {
              "origin": [
                9.0,
                4.0,
                -2.0
              ],
              "size": [
                2.0,
                3.0,
                0.0
              ],
              "pivot": [
                0.0,
                0.0,
                0.0
              ],
              "rotation": [
                0.0,
                -60.0,
                -32.5
              ],
              "uv": [
                8,
                4
              ],
              "inflate": 0
            },
            {
              "origin": [
                3.0,
                0.0,
                7.0
              ],
              "size": [
                2.0,
                3.0,
                0.0
              ],
              "pivot": [
                0.0,
                0.0,
                0.0
              ],
              "rotation": [
                -10.0,
                0.0,
                0.0
              ],
              "uv": [
                8,
                4
              ],
              "inflate": 0
            },
            {
              "origin": [
                3.0,
                -5.0,
                8.0
              ],
              "size": [
                2.0,
                3.0,
                0.0
              ],
              "pivot": [
                0.0,
                0.0,
                0.0
              ],
              "rotation": [
                -10.0,
                0.0,
                0.0
              ],
              "uv": [
                8,
                4
              ],
              "inflate": 0
            },
            {
              "origin": [
                3.0,
                -8.0,
                8.0
              ],
              "size": [
                2.0,
                3.0,
                0.0
              ],
              "pivot": [
                0.0,
                0.0,
                0.0
              ],
              "rotation": [
                -10.0,
                0.0,
                5.0
              ],
              "uv": [
                8,
                4
              ],
              "inflate": 0
            },
            {
              "origin": [
                3.0,
                5.0,
                7.0
              ],
              "size": [
                2.0,
                3.0,
                0.0
              ],
              "pivot": [
                0.0,
                0.0,
                0.0
              ],
              "rotation": [
                -10.0,
                0.0,
                0.0
              ],
              "uv": [
                8,
                4
              ],
              "inflate": 0
            },
            {
              "origin": [
                -3.0,
                -3.0,
                8.0
              ],
              "size": [
                2.0,
                3.0,
                0.0
              ],
              "pivot": [
                0.0,
                0.0,
                0.0
              ],
              "rotation": [
                -10.0,
                -7.5,
                20.0
              ],
              "uv": [
                8,
                4
              ],
              "inflate": 0
            },
            {
              "origin": [
                -7.0,
                -1.0,
                7.0
              ],
              "size": [
                4.0,
                4.0,
                0.0
              ],
              "pivot": [
                0.0,
                0.0,
                0.0
              ],
              "rotation": [
                -12.5,
                0.0,
                0.0
              ],
              "uv": [
                8,
                0
              ],
              "inflate": 0,
              "mirror": true
            },
            {
              "origin": [
                3.0,
                24.0,
                3.0
              ],
              "size": [
                4.0,
                4.0,
                0.0
              ],
              "pivot": [
                0.0,
                0.0,
                0.0
              ],
              "rotation": [
                -12.5,
                0.0,
                0.0
              ],
              "uv": [
                8,
                0
              ],
              "inflate": 0
            }
          ],
          "rotation": [
            0,
            180,
            0
          ]
        }
      ]
    }
  ]
}