{
  "format_version": "1.12.0",
  "minecraft:geometry": [
    {
      "description": {
        "identifier": "geometry.da_hanging_plants_6",
        "texture_width": 64,
        "texture_height": 64,
        "visible_bounds_width": 2,
        "visible_bounds_height": 5,
        "visible_bounds_offset": [
          0,
          1.5,
          0
        ]
      },
      "bones": [
        {
          "name": "bb_main2",
          "pivot": [
            0,
            0,
            0
          ],
          "cubes": [
            {
              "origin": [
                -3.0,
                0.0,
                -6.0
              ],
              "size": [
                6.0,
                6.0,
                2.0
              ],
              "pivot": [
                0.0,
                0.0,
                0.0
              ],
              "rotation": [
                -2.5,
                0.0,
                0.0
              ],
              "uv": [
                21,
                10
              ],
              "inflate": 0
            }
          ]
        },
        {
          "name": "bb_main",
          "pivot": [
            0,
            0,
            0
          ],
          "cubes": [
            {
              "origin": [
                -1.0,
                33.0,
                -4.0
              ],
              "size": [
                1.0,
                1.0,
                5.0
              ],
              "uv": [
                4,
                27
              ],
              "inflate": 0
            },
            {
              "origin": [
                -1.0,
                23.0,
                -4.0
              ],
              "size": [
                1.0,
                1.0,
                5.0
              ],
              "uv": [
                4,
                27
              ],
              "inflate": 0
            },
            {
              "origin": [
                -1.0,
                32.0,
                -7.0
              ],
              "size": [
                1.0,
                1.0,
                3.0
              ],
              "uv": [
                0,
                0
              ],
              "inflate": 0
            },
            {
              "origin": [
                -1.0,
                24.0,
                -7.0
              ],
              "size": [
                1.0,
                1.0,
                3.0
              ],
              "uv": [
                0,
                0
              ],
              "inflate": 0
            },
            {
              "origin": [
                -1.0,
                24.0,
                1.0
              ],
              "size": [
                1.0,
                1.0,
                2.0
              ],
              "uv": [
                0,
                4
              ],
              "inflate": 0
            },
            {
              "origin": [
                -1.0,
                28.0,
                0.0
              ],
              "size": [
                1.0,
                1.0,
                3.0
              ],
              "uv": [
                0,
                0
              ],
              "inflate": 0
            },
            {
              "origin": [
                -1.0,
                29.0,
                -3.0
              ],
              "size": [
                1.0,
                1.0,
                3.0
              ],
              "uv": [
                0,
                0
              ],
              "inflate": 0
            },
            {
              "origin": [
                -1.0,
                25.0,
                -8.0
              ],
              "size": [
                1.0,
                7.0,
                1.0
              ],
              "uv": [
                0,
                10
              ],
              "inflate": 0
            },
            {
              "origin": [
                -1.0,
                31.0,
                -7.0
              ],
              "size": [
                1.0,
                1.0,
                1.0
              ],
              "uv": [
                4,
                4
              ],
              "inflate": 0
            },
            {
              "origin": [
                -1.0,
                28.0,
                -3.0
              ],
              "size": [
                1.0,
                1.0,
                1.0
              ],
              "uv": [
                4,
                4
              ],
              "inflate": 0
            },
            {
              "origin": [
                -1.0,
                26.0,
                0.0
              ],
              "size": [
                1.0,
                1.0,
                1.0
              ],
              "uv": [
                4,
                4
              ],
              "inflate": 0
            },
            {
              "origin": [
                -1.0,
                27.0,
                2.0
              ],
              "size": [
                1.0,
                1.0,
                1.0
              ],
              "uv": [
                4,
                4
              ],
              "inflate": 0
            },
            {
              "origin": [
                -1.0,
                30.0,
                6.0
              ],
              "size": [
                1.0,
                1.0,
                1.0
              ],
              "uv": [
                4,
                4
              ],
              "inflate": 0
            },
            {
              "origin": [
                -1.0,
                25.0,
                -7.0
              ],
              "size": [
                1.0,
                1.0,
                1.0
              ],
              "uv": [
                4,
                4
              ],
              "inflate": 0
            },
            {
              "origin": [
                -1.0,
                25.0,
                -3.0
              ],
              "size": [
                1.0,
                1.0,
                3.0
              ],
              "uv": [
                0,
                0
              ],
              "inflate": 0
            },
            {
              "origin": [
                -1.0,
                26.0,
                -4.0
              ],
              "size": [
                1.0,
                3.0,
                1.0
              ],
              "uv": [
                11,
                10
              ],
              "inflate": 0
            },
            {
              "origin": [
                -1.0,
                25.0,
                3.0
              ],
              "size": [
                1.0,
                3.0,
                1.0
              ],
              "uv": [
                11,
                10
              ],
              "inflate": 0
            },
            {
              "origin": [
                -1.0,
                32.0,
                1.0
              ],
              "size": [
                1.0,
                1.0,
                4.0
              ],
              "uv": [
                29,
                0
              ],
              "inflate": 0
            },
            {
              "origin": [
                -1.0,
                31.0,
                5.0
              ],
              "size": [
                1.0,
                1.0,
                2.0
              ],
              "uv": [
                0,
                4
              ],
              "inflate": 0
            },
            {
              "origin": [
                6.0,
                3.0,
                -1.0
              ],
              "size": [
                1.0,
                21.0,
                1.0
              ],
              "pivot": [
                0.0,
                0.0,
                0.0
              ],
              "rotation": [
                0.0,
                0.0,
                -15.0
              ],
              "uv": [
                0,
                20
              ],
              "inflate": 0
            },
            {
              "origin": [
                -7.0,
                3.0,
                -1.0
              ],
              "size": [
                1.0,
                22.0,
                1.0
              ],
              "pivot": [
                0.0,
                0.0,
                0.0
              ],
              "rotation": [
                0.0,
                0.0,
                15.0
              ],
              "uv": [
                19,
                19
              ],
              "inflate": 0
            }
          ]
        },
        {
          "name": "bone",
          "pivot": [
            0,
            0,
            0
          ],
          "cubes": [
            {
              "origin": [
                -5.0,
                0.0,
                -5.0
              ],
              "size": [
                10.0,
                1.0,
                9.0
              ],
              "uv": [
                0,
                0
              ],
              "inflate": 0
            },
            {
              "origin": [
                -5.0,
                2.0,
                -5.0
              ],
              "size": [
                1.0,
                1.0,
                9.0
              ],
              "uv": [
                0,
                10
              ],
              "inflate": 0
            },
            {
              "origin": [
                4.0,
                2.0,
                -5.0
              ],
              "size": [
                1.0,
                1.0,
                9.0
              ],
              "uv": [
                0,
                10
              ],
              "inflate": 0
            },
            {
              "origin": [
                -4.0,
                2.0,
                -5.0
              ],
              "size": [
                9.0,
                1.0,
                1.0
              ],
              "uv": [
                23,
                21
              ],
              "inflate": 0
            },
            {
              "origin": [
                -4.0,
                2.0,
                3.0
              ],
              "size": [
                8.0,
                1.0,
                1.0
              ],
              "uv": [
                23,
                23
              ],
              "inflate": 0
            },
            {
              "origin": [
                -5.0,
                4.0,
                -5.0
              ],
              "size": [
                10.0,
                1.0,
                9.0
              ],
              "uv": [
                0,
                0
              ],
              "inflate": 0
            },
            {
              "origin": [
                -5.0,
                6.0,
                -4.0
              ],
              "size": [
                1.0,
                1.0,
                8.0
              ],
              "uv": [
                11,
                10
              ],
              "inflate": 0
            },
            {
              "origin": [
                4.0,
                6.0,
                -5.0
              ],
              "size": [
                1.0,
                1.0,
                8.0
              ],
              "uv": [
                11,
                10
              ],
              "inflate": 0
            },
            {
              "origin": [
                -5.0,
                6.0,
                3.0
              ],
              "size": [
                10.0,
                1.0,
                1.0
              ],
              "uv": [
                23,
                19
              ],
              "inflate": 0
            },
            {
              "origin": [
                -5.0,
                6.0,
                -5.0
              ],
              "size": [
                9.0,
                1.0,
                1.0
              ],
              "uv": [
                23,
                21
              ],
              "inflate": 0
            },
            {
              "origin": [
                -1.0,
                23.0,
                7.0
              ],
              "size": [
                1.0,
                9.0,
                1.0
              ],
              "uv": [
                15,
                32
              ],
              "inflate": 0
            },
            {
              "origin": [
                -1.0,
                32.0,
                7.0
              ],
              "size": [
                1.0,
                4.0,
                1.0
              ],
              "uv": [
                4,
                10
              ],
              "inflate": 0
            },
            {
              "origin": [
                -1.0,
                0.0,
                -2.0
              ],
              "size": [
                3.0,
                4.0,
                3.0
              ],
              "pivot": [
                0.0,
                0.0,
                0.0
              ],
              "rotation": [
                -50.0,
                0.0,
                0.0
              ],
              "uv": [
                4,
                20
              ],
              "inflate": 0
            },
            {
              "origin": [
                -1.0,
                1.0,
                -7.0
              ],
              "size": [
                3.0,
                4.0,
                3.0
              ],
              "pivot": [
                0.0,
                0.0,
                0.0
              ],
              "rotation": [
                -50.0,
                0.0,
                0.0
              ],
              "uv": [
                4,
                20
              ],
              "inflate": 0
            },
            {
              "origin": [
                -1.0,
                5.0,
                -4.0
              ],
              "size": [
                3.0,
                4.0,
                3.0
              ],
              "pivot": [
                0.0,
                0.0,
                0.0
              ],
              "rotation": [
                -50.0,
                0.0,
                0.0
              ],
              "uv": [
                4,
                20
              ],
              "inflate": 0
            },
            {
              "origin": [
                -3.0,
                2.0,
                -7.0
              ],
              "size": [
                3.0,
                4.0,
                3.0
              ],
              "pivot": [
                0.0,
                0.0,
                0.0
              ],
              "rotation": [
                -15.0,
                -97.5,
                0.0
              ],
              "uv": [
                4,
                20
              ],
              "inflate": 0
            },
            {
              "origin": [
                -3.0,
                -1.0,
                -4.0
              ],
              "size": [
                3.0,
                4.0,
                3.0
              ],
              "pivot": [
                0.0,
                0.0,
                0.0
              ],
              "rotation": [
                -15.0,
                -97.5,
                0.0
              ],
              "uv": [
                4,
                20
              ],
              "inflate": 0
            },
            {
              "origin": [
                -3.0,
                2.0,
                -2.0
              ],
              "size": [
                3.0,
                4.0,
                3.0
              ],
              "pivot": [
                0.0,
                0.0,
                0.0
              ],
              "rotation": [
                -15.0,
                -97.5,
                0.0
              ],
              "uv": [
                4,
                20
              ],
              "inflate": 0
            },
            {
              "origin": [
                0.0,
                5.0,
                -2.0
              ],
              "size": [
                3.0,
                4.0,
                3.0
              ],
              "pivot": [
                0.0,
                0.0,
                0.0
              ],
              "rotation": [
                -15.0,
                -97.5,
                0.0
              ],
              "uv": [
                4,
                20
              ],
              "inflate": 0
            },
            {
              "origin": [
                -4.0,
                5.0,
                1.0
              ],
              "size": [
                3.0,
                4.0,
                3.0
              ],
              "pivot": [
                0.0,
                0.0,
                0.0
              ],
              "rotation": [
                -20.0,
                -97.5,
                0.0
              ],
              "uv": [
                4,
                20
              ],
              "inflate": 0
            },
            {
              "origin": [
                -5.0,
                5.0,
                -1.0
              ],
              "size": [
                3.0,
                4.0,
                3.0
              ],
              "pivot": [
                0.0,
                0.0,
                0.0
              ],
              "rotation": [
                -30.0,
                -160.0,
                0.0
              ],
              "uv": [
                4,
                20
              ],
              "inflate": 0
            },
            {
              "origin": [
                -1.0,
                5.0,
                1.0
              ],
              "size": [
                3.0,
                4.0,
                3.0
              ],
              "pivot": [
                0.0,
                0.0,
                0.0
              ],
              "rotation": [
                -25.0,
                -160.0,
                0.0
              ],
              "uv": [
                4,
                20
              ],
              "inflate": 0
            },
            {
              "origin": [
                -5.0,
                5.0,
                0.0
              ],
              "size": [
                3.0,
                4.0,
                3.0
              ],
              "pivot": [
                0.0,
                0.0,
                0.0
              ],
              "rotation": [
                -15.0,
                177.5,
                0.0
              ],
              "uv": [
                4,
                20
              ],
              "inflate": 0
            },
            {
              "origin": [
                0.0,
                5.0,
                -5.0
              ],
              "size": [
                3.0,
                4.0,
                3.0
              ],
              "pivot": [
                0.0,
                0.0,
                0.0
              ],
              "rotation": [
                -15.0,
                92.5,
                0.0
              ],
              "uv": [
                4,
                20
              ],
              "inflate": 0
            },
            {
              "origin": [
                0.0,
                5.0,
                -5.0
              ],
              "size": [
                3.0,
                4.0,
                3.0
              ],
              "pivot": [
                0.0,
                0.0,
                0.0
              ],
              "rotation": [
                -15.0,
                40.0,
                0.0
              ],
              "uv": [
                4,
                20
              ],
              "inflate": 0
            },
            {
              "origin": [
                0.0,
                5.0,
                -2.0
              ],
              "size": [
                3.0,
                4.0,
                3.0
              ],
              "pivot": [
                0.0,
                0.0,
                0.0
              ],
              "rotation": [
                -12.5,
                25.0,
                0.0
              ],
              "uv": [
                4,
                20
              ],
              "inflate": 0
            },
            {
              "origin": [
                0.0,
                1.0,
                -1.0
              ],
              "size": [
                3.0,
                4.0,
                3.0
              ],
              "pivot": [
                0.0,
                0.0,
                0.0
              ],
              "rotation": [
                -12.5,
                25.0,
                0.0
              ],
              "uv": [
                4,
                20
              ],
              "inflate": 0
            },
            {
              "origin": [
                0.0,
                5.0,
                1.0
              ],
              "size": [
                3.0,
                4.0,
                3.0
              ],
              "pivot": [
                0.0,
                0.0,
                0.0
              ],
              "rotation": [
                -15.0,
                40.0,
                0.0
              ],
              "uv": [
                4,
                20
              ],
              "inflate": 0
            },
            {
              "origin": [
                -1.0,
                5.0,
                0.0
              ],
              "size": [
                3.0,
                4.0,
                3.0
              ],
              "pivot": [
                0.0,
                0.0,
                0.0
              ],
              "rotation": [
                -15.0,
                -45.0,
                0.0
              ],
              "uv": [
                4,
                20
              ],
              "inflate": 0
            },
            {
              "origin": [
                -3.0,
                5.0,
                0.0
              ],
              "size": [
                3.0,
                4.0,
                3.0
              ],
              "pivot": [
                0.0,
                0.0,
                0.0
              ],
              "rotation": [
                -25.0,
                -55.0,
                0.0
              ],
              "uv": [
                4,
                20
              ],
              "inflate": 0
            },
            {
              "origin": [
                -3.0,
                1.0,
                0.0
              ],
              "size": [
                3.0,
                4.0,
                3.0
              ],
              "pivot": [
                0.0,
                0.0,
                0.0
              ],
              "rotation": [
                -25.0,
                -55.0,
                0.0
              ],
              "uv": [
                4,
                20
              ],
              "inflate": 0
            },
            {
              "origin": [
                3.0,
                -7.0,
                -1.0
              ],
              "size": [
                2.0,
                5.0,
                3.0
              ],
              "pivot": [
                0.0,
                0.0,
                0.0
              ],
              "rotation": [
                12.5,
                -2.5,
                -22.5
              ],
              "uv": [
                23,
                25
              ],
              "inflate": 0
            },
            {
              "origin": [
                2.0,
                -10.0,
                -1.0
              ],
              "size": [
                2.0,
                5.0,
                3.0
              ],
              "pivot": [
                0.0,
                0.0,
                0.0
              ],
              "rotation": [
                2.5,
                -2.5,
                -22.5
              ],
              "uv": [
                23,
                25
              ],
              "inflate": 0
            },
            {
              "origin": [
                2.0,
                -1.0,
                0.0
              ],
              "size": [
                2.0,
                5.0,
                3.0
              ],
              "pivot": [
                0.0,
                0.0,
                0.0
              ],
              "rotation": [
                2.5,
                67.5,
                -22.5
              ],
              "uv": [
                23,
                25
              ],
              "inflate": 0
            },
            {
              "origin": [
                -3.0,
                0.0,
                -3.0
              ],
              "size": [
                2.0,
                5.0,
                3.0
              ],
              "pivot": [
                0.0,
                0.0,
                0.0
              ],
              "rotation": [
                2.5,
                -65.0,
                -22.5
              ],
              "uv": [
                23,
                25
              ],
              "inflate": 0
            },
            {
              "origin": [
                2.0,
                4.0,
                -1.0
              ],
              "size": [
                2.0,
                5.0,
                3.0
              ],
              "pivot": [
                0.0,
                0.0,
                0.0
              ],
              "rotation": [
                2.5,
                -2.5,
                -22.5
              ],
              "uv": [
                23,
                25
              ],
              "inflate": 0
            },
            {
              "origin": [
                4.0,
                -4.0,
                -1.0
              ],
              "size": [
                2.0,
                5.0,
                3.0
              ],
              "pivot": [
                0.0,
                0.0,
                0.0
              ],
              "rotation": [
                -10.0,
                -2.5,
                -22.5
              ],
              "uv": [
                23,
                25
              ],
              "inflate": 0
            },
            {
              "origin": [
                -1.0,
                0.0,
                0.0
              ],
              "size": [
                1.0,
                1.0,
                1.0
              ],
              "uv": [
                4,
                4
              ],
              "inflate": 0
            }
          ]
        }
      ]
    }
  ]
}