{
  "format_version": "1.12.0",
  "minecraft:geometry": [
    {
      "description": {
        "identifier": "geometry.da_hanging_plants_4",
        "texture_width": 64,
        "texture_height": 64,
        "visible_bounds_width": 2,
        "visible_bounds_height": 5,
        "visible_bounds_offset": [
          0,
          1.5,
          0
        ]
      },
      "bones": [
        {
          "name": "bb_main",
          "pivot": [
            0,
            0,
            0
          ],
          "cubes": [
            {
              "origin": [
                -1.0,
                32.0,
                -4.0
              ],
              "size": [
                1.0,
                1.0,
                5.0
              ],
              "uv": [
                9,
                29
              ],
              "inflate": 0
            },
            {
              "origin": [
                -1.0,
                23.0,
                -4.0
              ],
              "size": [
                1.0,
                1.0,
                5.0
              ],
              "uv": [
                9,
                29
              ],
              "inflate": 0
            },
            {
              "origin": [
                -1.0,
                31.0,
                -7.0
              ],
              "size": [
                1.0,
                1.0,
                3.0
              ],
              "uv": [
                13,
                35
              ],
              "inflate": 0
            },
            {
              "origin": [
                -1.0,
                24.0,
                -7.0
              ],
              "size": [
                1.0,
                1.0,
                3.0
              ],
              "uv": [
                13,
                35
              ],
              "inflate": 0
            },
            {
              "origin": [
                -1.0,
                24.0,
                1.0
              ],
              "size": [
                1.0,
                1.0,
                2.0
              ],
              "uv": [
                23,
                14
              ],
              "inflate": 0
            },
            {
              "origin": [
                -1.0,
                28.0,
                0.0
              ],
              "size": [
                1.0,
                1.0,
                3.0
              ],
              "uv": [
                13,
                35
              ],
              "inflate": 0
            },
            {
              "origin": [
                -1.0,
                28.0,
                -2.0
              ],
              "size": [
                1.0,
                1.0,
                2.0
              ],
              "uv": [
                16,
                21
              ],
              "inflate": 0
            },
            {
              "origin": [
                -1.0,
                25.0,
                -8.0
              ],
              "size": [
                1.0,
                6.0,
                1.0
              ],
              "uv": [
                4,
                0
              ],
              "inflate": 0
            },
            {
              "origin": [
                -1.0,
                30.0,
                -7.0
              ],
              "size": [
                1.0,
                1.0,
                1.0
              ],
              "uv": [
                4,
                7
              ],
              "inflate": 0
            },
            {
              "origin": [
                -1.0,
                26.0,
                1.0
              ],
              "size": [
                1.0,
                1.0,
                1.0
              ],
              "uv": [
                4,
                7
              ],
              "inflate": 0
            },
            {
              "origin": [
                -1.0,
                25.0,
                -7.0
              ],
              "size": [
                1.0,
                1.0,
                1.0
              ],
              "uv": [
                4,
                7
              ],
              "inflate": 0
            },
            {
              "origin": [
                -1.0,
                25.0,
                -2.0
              ],
              "size": [
                1.0,
                1.0,
                3.0
              ],
              "uv": [
                30,
                33
              ],
              "inflate": 0
            },
            {
              "origin": [
                -1.0,
                26.0,
                -3.0
              ],
              "size": [
                1.0,
                2.0,
                1.0
              ],
              "uv": [
                0,
                25
              ],
              "inflate": 0
            },
            {
              "origin": [
                -1.0,
                25.0,
                3.0
              ],
              "size": [
                1.0,
                3.0,
                1.0
              ],
              "uv": [
                16,
                24
              ],
              "inflate": 0
            },
            {
              "origin": [
                -1.0,
                31.0,
                1.0
              ],
              "size": [
                1.0,
                1.0,
                6.0
              ],
              "uv": [
                30,
                14
              ],
              "inflate": 0
            },
            {
              "origin": [
                -1.0,
                30.0,
                5.0
              ],
              "size": [
                1.0,
                1.0,
                2.0
              ],
              "uv": [
                16,
                18
              ],
              "inflate": 0
            },
            {
              "origin": [
                6.0,
                3.0,
                -1.0
              ],
              "size": [
                1.0,
                21.0,
                1.0
              ],
              "pivot": [
                0.0,
                0.0,
                0.0
              ],
              "rotation": [
                0.0,
                0.0,
                -15.0
              ],
              "uv": [
                26,
                18
              ],
              "inflate": 0
            },
            {
              "origin": [
                -7.0,
                3.0,
                -1.0
              ],
              "size": [
                1.0,
                22.0,
                1.0
              ],
              "pivot": [
                0.0,
                0.0,
                0.0
              ],
              "rotation": [
                0.0,
                0.0,
                15.0
              ],
              "uv": [
                22,
                18
              ],
              "inflate": 0
            }
          ]
        },
        {
          "name": "bone",
          "pivot": [
            0,
            0,
            0
          ],
          "cubes": [
            {
              "origin": [
                -5.0,
                2.0,
                -5.0
              ],
              "size": [
                10.0,
                1.0,
                1.0
              ],
              "uv": [
                23,
                12
              ],
              "inflate": 0
            },
            {
              "origin": [
                -5.0,
                2.0,
                3.0
              ],
              "size": [
                10.0,
                1.0,
                1.0
              ],
              "uv": [
                23,
                12
              ],
              "inflate": 0
            },
            {
              "origin": [
                -5.0,
                2.0,
                -4.0
              ],
              "size": [
                1.0,
                1.0,
                7.0
              ],
              "uv": [
                0,
                29
              ],
              "inflate": 0
            },
            {
              "origin": [
                4.0,
                2.0,
                -4.0
              ],
              "size": [
                1.0,
                1.0,
                7.0
              ],
              "uv": [
                0,
                29
              ],
              "inflate": 0
            },
            {
              "origin": [
                -4.0,
                0.0,
                -4.0
              ],
              "size": [
                8.0,
                1.0,
                7.0
              ],
              "uv": [
                0,
                10
              ],
              "inflate": 0
            },
            {
              "origin": [
                3.0,
                2.0,
                -1.0
              ],
              "size": [
                1.0,
                5.0,
                1.0
              ],
              "pivot": [
                0.0,
                0.0,
                0.0
              ],
              "rotation": [
                0.0,
                0.0,
                22.5
              ],
              "uv": [
                0,
                10
              ],
              "inflate": 0,
              "mirror": true
            },
            {
              "origin": [
                -4.0,
                2.0,
                -1.0
              ],
              "size": [
                1.0,
                5.0,
                1.0
              ],
              "pivot": [
                0.0,
                0.0,
                0.0
              ],
              "rotation": [
                0.0,
                0.0,
                -22.5
              ],
              "uv": [
                0,
                10
              ],
              "inflate": 0
            },
            {
              "origin": [
                -1.0,
                -4.0,
                -1.0
              ],
              "size": [
                1.0,
                8.0,
                1.0
              ],
              "pivot": [
                0.0,
                0.0,
                0.0
              ],
              "rotation": [
                0.0,
                -22.5,
                -90.0
              ],
              "uv": [
                0,
                0
              ],
              "inflate": 0
            },
            {
              "origin": [
                -5.0,
                4.0,
                -5.0
              ],
              "size": [
                10.0,
                1.0,
                9.0
              ],
              "uv": [
                0,
                0
              ],
              "inflate": 0
            },
            {
              "origin": [
                -6.0,
                6.0,
                -6.0
              ],
              "size": [
                1.0,
                1.0,
                10.0
              ],
              "uv": [
                0,
                18
              ],
              "inflate": 0
            },
            {
              "origin": [
                5.0,
                6.0,
                -5.0
              ],
              "size": [
                1.0,
                1.0,
                10.0
              ],
              "uv": [
                0,
                18
              ],
              "inflate": 0
            },
            {
              "origin": [
                -6.0,
                6.0,
                4.0
              ],
              "size": [
                11.0,
                1.0,
                1.0
              ],
              "uv": [
                23,
                10
              ],
              "inflate": 0
            },
            {
              "origin": [
                -5.0,
                6.0,
                -6.0
              ],
              "size": [
                11.0,
                1.0,
                1.0
              ],
              "uv": [
                23,
                10
              ],
              "inflate": 0
            },
            {
              "origin": [
                -5.0,
                6.0,
                -6.0
              ],
              "size": [
                11.0,
                1.0,
                1.0
              ],
              "uv": [
                23,
                10
              ],
              "inflate": 0
            },
            {
              "origin": [
                -1.0,
                23.0,
                7.0
              ],
              "size": [
                1.0,
                9.0,
                1.0
              ],
              "uv": [
                12,
                18
              ],
              "inflate": 0
            },
            {
              "origin": [
                -1.0,
                32.0,
                7.0
              ],
              "size": [
                1.0,
                6.0,
                1.0
              ],
              "uv": [
                4,
                0
              ],
              "inflate": 0
            },
            {
              "origin": [
                -3.0,
                1.0,
                -5.0
              ],
              "size": [
                6.0,
                6.0,
                1.0
              ],
              "pivot": [
                0.0,
                0.0,
                0.0
              ],
              "rotation": [
                10.0,
                0.0,
                0.0
              ],
              "uv": [
                29,
                0
              ],
              "inflate": 0
            },
            {
              "origin": [
                -1.0,
                2.0,
                -8.0
              ],
              "size": [
                3.0,
                5.0,
                3.0
              ],
              "pivot": [
                0.0,
                0.0,
                0.0
              ],
              "rotation": [
                -15.0,
                0.0,
                0.0
              ],
              "uv": [
                30,
                21
              ],
              "inflate": 0
            },
            {
              "origin": [
                0.0,
                2.0,
                -8.0
              ],
              "size": [
                3.0,
                5.0,
                3.0
              ],
              "pivot": [
                0.0,
                0.0,
                0.0
              ],
              "rotation": [
                -15.0,
                90.0,
                0.0
              ],
              "uv": [
                30,
                21
              ],
              "inflate": 0
            },
            {
              "origin": [
                -2.0,
                -2.0,
                -5.0
              ],
              "size": [
                3.0,
                5.0,
                3.0
              ],
              "pivot": [
                0.0,
                0.0,
                0.0
              ],
              "rotation": [
                -20.0,
                90.0,
                0.0
              ],
              "uv": [
                30,
                21
              ],
              "inflate": 0
            },
            {
              "origin": [
                0.0,
                2.0,
                -8.0
              ],
              "size": [
                3.0,
                5.0,
                3.0
              ],
              "pivot": [
                0.0,
                0.0,
                0.0
              ],
              "rotation": [
                -15.0,
                -70.0,
                0.0
              ],
              "uv": [
                30,
                21
              ],
              "inflate": 0
            },
            {
              "origin": [
                -1.0,
                4.0,
                1.0
              ],
              "size": [
                3.0,
                5.0,
                3.0
              ],
              "pivot": [
                0.0,
                0.0,
                0.0
              ],
              "rotation": [
                -15.0,
                60.0,
                0.0
              ],
              "uv": [
                30,
                21
              ],
              "inflate": 0
            },
            {
              "origin": [
                -4.0,
                4.0,
                1.0
              ],
              "size": [
                3.0,
                5.0,
                3.0
              ],
              "pivot": [
                0.0,
                0.0,
                0.0
              ],
              "rotation": [
                -15.0,
                32.5,
                0.0
              ],
              "uv": [
                30,
                21
              ],
              "inflate": 0
            },
            {
              "origin": [
                -4.0,
                0.0,
                -3.0
              ],
              "size": [
                3.0,
                5.0,
                3.0
              ],
              "pivot": [
                0.0,
                0.0,
                0.0
              ],
              "rotation": [
                -15.0,
                32.5,
                0.0
              ],
              "uv": [
                30,
                21
              ],
              "inflate": 0
            },
            {
              "origin": [
                -4.0,
                4.0,
                1.0
              ],
              "size": [
                3.0,
                5.0,
                3.0
              ],
              "pivot": [
                0.0,
                0.0,
                0.0
              ],
              "rotation": [
                -2.5,
                -12.5,
                0.0
              ],
              "uv": [
                30,
                21
              ],
              "inflate": 0
            },
            {
              "origin": [
                -4.0,
                4.0,
                -4.0
              ],
              "size": [
                3.0,
                5.0,
                3.0
              ],
              "pivot": [
                0.0,
                0.0,
                0.0
              ],
              "rotation": [
                -37.5,
                -27.5,
                0.0
              ],
              "uv": [
                30,
                21
              ],
              "inflate": 0
            },
            {
              "origin": [
                -1.0,
                4.0,
                -4.0
              ],
              "size": [
                3.0,
                5.0,
                3.0
              ],
              "pivot": [
                0.0,
                0.0,
                0.0
              ],
              "rotation": [
                -37.5,
                25.0,
                0.0
              ],
              "uv": [
                30,
                21
              ],
              "inflate": 0
            },
            {
              "origin": [
                -1.0,
                4.0,
                -7.0
              ],
              "size": [
                3.0,
                5.0,
                3.0
              ],
              "pivot": [
                0.0,
                0.0,
                0.0
              ],
              "rotation": [
                -37.5,
                -175.0,
                0.0
              ],
              "uv": [
                30,
                21
              ],
              "inflate": 0
            },
            {
              "origin": [
                -1.0,
                0.0,
                -1.0
              ],
              "size": [
                3.0,
                5.0,
                3.0
              ],
              "pivot": [
                0.0,
                0.0,
                0.0
              ],
              "rotation": [
                -37.5,
                -175.0,
                0.0
              ],
              "uv": [
                30,
                21
              ],
              "inflate": 0
            },
            {
              "origin": [
                1.0,
                4.0,
                -7.0
              ],
              "size": [
                3.0,
                5.0,
                3.0
              ],
              "pivot": [
                0.0,
                0.0,
                0.0
              ],
              "rotation": [
                -37.5,
                -117.5,
                0.0
              ],
              "uv": [
                30,
                21
              ],
              "inflate": 0
            },
            {
              "origin": [
                1.0,
                0.0,
                -3.0
              ],
              "size": [
                3.0,
                5.0,
                3.0
              ],
              "pivot": [
                0.0,
                0.0,
                0.0
              ],
              "rotation": [
                -37.5,
                -117.5,
                0.0
              ],
              "uv": [
                30,
                21
              ],
              "inflate": 0
            },
            {
              "origin": [
                -3.0,
                0.0,
                -4.0
              ],
              "size": [
                3.0,
                5.0,
                3.0
              ],
              "pivot": [
                0.0,
                0.0,
                0.0
              ],
              "rotation": [
                -37.5,
                -175.0,
                0.0
              ],
              "uv": [
                30,
                21
              ],
              "inflate": 0
            },
            {
              "origin": [
                -1.0,
                4.0,
                -4.0
              ],
              "size": [
                3.0,
                5.0,
                3.0
              ],
              "pivot": [
                0.0,
                0.0,
                0.0
              ],
              "rotation": [
                -37.5,
                -175.0,
                0.0
              ],
              "uv": [
                30,
                21
              ],
              "inflate": 0
            },
            {
              "origin": [
                3.0,
                4.0,
                -4.0
              ],
              "size": [
                3.0,
                5.0,
                3.0
              ],
              "pivot": [
                0.0,
                0.0,
                0.0
              ],
              "rotation": [
                -37.5,
                80.0,
                0.0
              ],
              "uv": [
                30,
                21
              ],
              "inflate": 0
            },
            {
              "origin": [
                1.0,
                5.0,
                -1.0
              ],
              "size": [
                3.0,
                5.0,
                3.0
              ],
              "pivot": [
                0.0,
                0.0,
                0.0
              ],
              "rotation": [
                -37.5,
                117.5,
                0.0
              ],
              "uv": [
                30,
                21
              ],
              "inflate": 0
            },
            {
              "origin": [
                -1.0,
                -1.0,
                -4.0
              ],
              "size": [
                3.0,
                5.0,
                3.0
              ],
              "pivot": [
                0.0,
                0.0,
                0.0
              ],
              "rotation": [
                -37.5,
                80.0,
                0.0
              ],
              "uv": [
                30,
                21
              ],
              "inflate": 0
            },
            {
              "origin": [
                0.0,
                4.0,
                -4.0
              ],
              "size": [
                3.0,
                5.0,
                3.0
              ],
              "pivot": [
                0.0,
                0.0,
                0.0
              ],
              "rotation": [
                -32.5,
                70.0,
                0.0
              ],
              "uv": [
                30,
                21
              ],
              "inflate": 0
            },
            {
              "origin": [
                -4.0,
                4.0,
                1.0
              ],
              "size": [
                3.0,
                5.0,
                3.0
              ],
              "pivot": [
                0.0,
                0.0,
                0.0
              ],
              "rotation": [
                -17.5,
                -50.0,
                0.0
              ],
              "uv": [
                30,
                21
              ],
              "inflate": 0
            },
            {
              "origin": [
                -2.0,
                3.0,
                2.0
              ],
              "size": [
                3.0,
                5.0,
                3.0
              ],
              "pivot": [
                0.0,
                0.0,
                0.0
              ],
              "rotation": [
                -15.0,
                -125.0,
                0.0
              ],
              "uv": [
                30,
                21
              ],
              "inflate": 0
            },
            {
              "origin": [
                -2.0,
                6.0,
                2.0
              ],
              "size": [
                3.0,
                5.0,
                3.0
              ],
              "pivot": [
                0.0,
                0.0,
                0.0
              ],
              "rotation": [
                -25.0,
                -127.5,
                0.0
              ],
              "uv": [
                30,
                21
              ],
              "inflate": 0
            },
            {
              "origin": [
                -2.0,
                1.0,
                -1.0
              ],
              "size": [
                3.0,
                5.0,
                3.0
              ],
              "pivot": [
                0.0,
                0.0,
                0.0
              ],
              "rotation": [
                -25.0,
                -127.5,
                0.0
              ],
              "uv": [
                30,
                21
              ],
              "inflate": 0
            },
            {
              "origin": [
                -2.0,
                3.0,
                -2.0
              ],
              "size": [
                3.0,
                5.0,
                3.0
              ],
              "pivot": [
                0.0,
                0.0,
                0.0
              ],
              "rotation": [
                -15.0,
                -125.0,
                0.0
              ],
              "uv": [
                30,
                21
              ],
              "inflate": 0
            },
            {
              "origin": [
                -4.0,
                1.0,
                -8.0
              ],
              "size": [
                3.0,
                5.0,
                2.0
              ],
              "pivot": [
                0.0,
                0.0,
                0.0
              ],
              "rotation": [
                -7.5,
                -92.5,
                0.0
              ],
              "uv": [
                0,
                18
              ],
              "inflate": 0
            },
            {
              "origin": [
                -4.0,
                -3.0,
                -7.0
              ],
              "size": [
                3.0,
                5.0,
                2.0
              ],
              "pivot": [
                0.0,
                0.0,
                0.0
              ],
              "rotation": [
                -7.5,
                -107.5,
                0.0
              ],
              "uv": [
                0,
                18
              ],
              "inflate": 0
            },
            {
              "origin": [
                -4.0,
                -6.0,
                -6.0
              ],
              "size": [
                3.0,
                5.0,
                2.0
              ],
              "pivot": [
                0.0,
                0.0,
                0.0
              ],
              "rotation": [
                -7.5,
                -95.0,
                2.5
              ],
              "uv": [
                0,
                18
              ],
              "inflate": 0
            },
            {
              "origin": [
                -3.0,
                -9.0,
                -6.0
              ],
              "size": [
                3.0,
                5.0,
                2.0
              ],
              "pivot": [
                0.0,
                0.0,
                0.0
              ],
              "rotation": [
                -7.5,
                -95.0,
                2.5
              ],
              "uv": [
                0,
                18
              ],
              "inflate": 0
            },
            {
              "origin": [
                -4.0,
                1.0,
                -7.0
              ],
              "size": [
                6.0,
                6.0,
                1.0
              ],
              "pivot": [
                0.0,
                0.0,
                0.0
              ],
              "rotation": [
                -25.0,
                177.5,
                0.0
              ],
              "uv": [
                29,
                0
              ],
              "inflate": 0
            },
            {
              "origin": [
                -4.0,
                5.0,
                -7.0
              ],
              "size": [
                6.0,
                6.0,
                1.0
              ],
              "pivot": [
                0.0,
                0.0,
                0.0
              ],
              "rotation": [
                -35.0,
                32.5,
                0.0
              ],
              "uv": [
                29,
                0
              ],
              "inflate": 0
            },
            {
              "origin": [
                -6.0,
                5.0,
                -5.0
              ],
              "size": [
                3.0,
                3.0,
                1.0
              ],
              "pivot": [
                0.0,
                0.0,
                0.0
              ],
              "rotation": [
                -20.0,
                -5.0,
                0.0
              ],
              "uv": [
                30,
                29
              ],
              "inflate": 0,
              "mirror": true
            },
            {
              "origin": [
                0.0,
                8.0,
                -3.0
              ],
              "size": [
                3.0,
                3.0,
                1.0
              ],
              "pivot": [
                0.0,
                0.0,
                0.0
              ],
              "rotation": [
                -12.5,
                -65.0,
                0.0
              ],
              "uv": [
                30,
                29
              ],
              "inflate": 0,
              "mirror": true
            },
            {
              "origin": [
                0.0,
                -6.0,
                -6.0
              ],
              "size": [
                3.0,
                3.0,
                1.0
              ],
              "pivot": [
                0.0,
                0.0,
                0.0
              ],
              "rotation": [
                -12.5,
                -65.0,
                0.0
              ],
              "uv": [
                30,
                29
              ],
              "inflate": 0,
              "mirror": true
            },
            {
              "origin": [
                0.0,
                3.0,
                -9.0
              ],
              "size": [
                3.0,
                3.0,
                1.0
              ],
              "pivot": [
                0.0,
                0.0,
                0.0
              ],
              "rotation": [
                -17.5,
                -70.0,
                0.0
              ],
              "uv": [
                30,
                29
              ],
              "inflate": 0
            }
          ]
        }
      ]
    }
  ]
}