{
  "format_version": "1.12.0",
  "minecraft:geometry": [
    {
      "description": {
        "identifier": "geometry.da_jennie_outfit",
        "texture_width": 64,
        "texture_height": 64,
        "visible_bounds_width": 3,
        "visible_bounds_height": 4,
        "visible_bounds_offset": [
          0,
          1,
          0
        ]
      },
      "bones": [
        {
          "name": "body",
          "pivot": [
            0,
            -25,
            0
          ],
          "cubes": [
            {
              "origin": [
                -1.0,
                -22.0,
                -7.0
              ],
              "size": [
                0.0,
                22.0,
                12.0
              ],
              "pivot": [
                0.0,
                -25.0,
                0.0
              ],
              "rotation": [
                0.0,
                37.5,
                0.0
              ],
              "uv": [
                0,
                0
              ],
              "inflate": 0
            },
            {
              "origin": [
                -5.0,
                -22.0,
                -9.0
              ],
              "size": [
                0.0,
                22.0,
                12.0
              ],
              "pivot": [
                0.0,
                -25.0,
                0.0
              ],
              "rotation": [
                0.0,
                37.5,
                0.0
              ],
              "uv": [
                0,
                0
              ],
              "inflate": 0
            },
            {
              "origin": [
                2.0,
                -22.0,
                -4.0
              ],
              "size": [
                0.0,
                22.0,
                12.0
              ],
              "pivot": [
                0.0,
                -25.0,
                0.0
              ],
              "rotation": [
                0.0,
                40.0,
                0.0
              ],
              "uv": [
                0,
                0
              ],
              "inflate": 0
            }
          ]
        }
      ]
    }
  ]
}