{
  "format_version": "1.12.0",
  "minecraft:geometry": [
    {
      "description": {
        "identifier": "geometry.da_ladder_pink",
        "texture_width": 128,
        "texture_height": 128,
        "visible_bounds_width": 3,
        "visible_bounds_height": 5,
        "visible_bounds_offset": [
          0,
          1.5,
          0
        ]
      },
      "bones": [
        {
          "name": "body",
          "pivot": [
            -1,
            0,
            0
          ],
          "cubes": [
            {
              "origin": [
                -9.0,
                0.0,
                8.0
              ],
              "size": [
                1.0,
                35.0,
                2.0
              ],
              "uv": [
                12,
                10
              ],
              "inflate": 0
            },
            {
              "origin": [
                6.0,
                0.0,
                8.0
              ],
              "size": [
                1.0,
                35.0,
                2.0
              ],
              "uv": [
                12,
                10
              ],
              "inflate": 0
            },
            {
              "origin": [
                6.0,
                29.0,
                2.0
              ],
              "size": [
                1.0,
                1.0,
                6.0
              ],
              "uv": [
                0,
                49
              ],
              "inflate": 0
            },
            {
              "origin": [
                6.0,
                34.0,
                2.0
              ],
              "size": [
                1.0,
                1.0,
                6.0
              ],
              "uv": [
                29,
                45
              ],
              "inflate": 0
            },
            {
              "origin": [
                -9.0,
                34.0,
                2.0
              ],
              "size": [
                1.0,
                1.0,
                6.0
              ],
              "uv": [
                46,
                25
              ],
              "inflate": 0
            },
            {
              "origin": [
                6.0,
                21.0,
                1.0
              ],
              "size": [
                1.0,
                1.0,
                7.0
              ],
              "uv": [
                20,
                45
              ],
              "inflate": 0
            },
            {
              "origin": [
                6.0,
                13.0,
                -1.0
              ],
              "size": [
                1.0,
                1.0,
                9.0
              ],
              "uv": [
                9,
                45
              ],
              "inflate": 0
            },
            {
              "origin": [
                -9.0,
                13.0,
                -1.0
              ],
              "size": [
                1.0,
                1.0,
                9.0
              ],
              "uv": [
                43,
                39
              ],
              "inflate": 0
            },
            {
              "origin": [
                6.0,
                4.0,
                -4.0
              ],
              "size": [
                1.0,
                1.0,
                12.0
              ],
              "uv": [
                32,
                26
              ],
              "inflate": 0
            },
            {
              "origin": [
                -9.0,
                4.0,
                -4.0
              ],
              "size": [
                1.0,
                1.0,
                12.0
              ],
              "uv": [
                18,
                25
              ],
              "inflate": 0
            },
            {
              "origin": [
                -9.0,
                21.0,
                2.0
              ],
              "size": [
                1.0,
                1.0,
                6.0
              ],
              "uv": [
                29,
                45
              ],
              "inflate": 0
            },
            {
              "origin": [
                -9.0,
                21.0,
                -1.0
              ],
              "size": [
                16.0,
                1.0,
                3.0
              ],
              "uv": [
                18,
                18
              ],
              "inflate": 0
            },
            {
              "origin": [
                -9.0,
                29.0,
                2.0
              ],
              "size": [
                16.0,
                1.0,
                2.0
              ],
              "uv": [
                18,
                22
              ],
              "inflate": 0
            },
            {
              "origin": [
                -9.0,
                13.0,
                -4.0
              ],
              "size": [
                16.0,
                1.0,
                3.0
              ],
              "uv": [
                18,
                14
              ],
              "inflate": 0
            },
            {
              "origin": [
                -9.0,
                4.0,
                -7.0
              ],
              "size": [
                16.0,
                1.0,
                3.0
              ],
              "uv": [
                18,
                10
              ],
              "inflate": 0
            },
            {
              "origin": [
                -9.0,
                21.0,
                -2.0
              ],
              "size": [
                16.0,
                1.0,
                1.0
              ],
              "uv": [
                44,
                0
              ],
              "inflate": 0
            },
            {
              "origin": [
                -9.0,
                29.0,
                1.0
              ],
              "size": [
                16.0,
                1.0,
                1.0
              ],
              "uv": [
                18,
                43
              ],
              "inflate": 0
            },
            {
              "origin": [
                -9.0,
                13.0,
                -5.0
              ],
              "size": [
                16.0,
                1.0,
                1.0
              ],
              "uv": [
                18,
                41
              ],
              "inflate": 0
            },
            {
              "origin": [
                -9.0,
                4.0,
                -8.0
              ],
              "size": [
                16.0,
                1.0,
                1.0
              ],
              "uv": [
                18,
                39
              ],
              "inflate": 0
            },
            {
              "origin": [
                -9.0,
                29.0,
                4.0
              ],
              "size": [
                1.0,
                1.0,
                4.0
              ],
              "uv": [
                18,
                25
              ],
              "inflate": 0
            },
            {
              "origin": [
                6.0,
                -4.25454,
                -7.21388
              ],
              "size": [
                1.0,
                38.0,
                2.0
              ],
              "pivot": [
                0.0,
                2.74546,
                3.78612
              ],
              "rotation": [
                -20.0,
                0.0,
                0.0
              ],
              "uv": [
                0,
                10
              ],
              "inflate": 0
            },
            {
              "origin": [
                -9.0,
                -3.97282,
                -6.81156
              ],
              "size": [
                1.0,
                37.0,
                2.0
              ],
              "pivot": [
                -2.0,
                4.02718,
                3.18844
              ],
              "rotation": [
                -20.0,
                0.0,
                0.0
              ],
              "uv": [
                6,
                10
              ],
              "inflate": 0
            },
            {
              "origin": [
                -10.0,
                35.0,
                2.0
              ],
              "size": [
                18.0,
                2.0,
                8.0
              ],
              "uv": [
                0,
                0
              ],
              "inflate": 0
            }
          ],
          "rotation": [
            0,
            -142.5,
            0
          ]
        }
      ]
    }
  ]
}