{
  "format_version": "1.12.0",
  "minecraft:geometry": [
    {
      "description": {
        "identifier": "geometry.da_ladder_green",
        "texture_width": 64,
        "texture_height": 64,
        "visible_bounds_width": 3,
        "visible_bounds_height": 4,
        "visible_bounds_offset": [
          0,
          1,
          0
        ]
      },
      "bones": [
        {
          "name": "body",
          "pivot": [
            0,
            0,
            0
          ],
          "cubes": [
            {
              "origin": [
                -8.0,
                0.0,
                8.0
              ],
              "size": [
                1.0,
                35.0,
                2.0
              ],
              "uv": [
                12,
                10
              ],
              "inflate": 0,
              "mirror": true
            },
            {
              "origin": [
                7.0,
                0.0,
                8.0
              ],
              "size": [
                1.0,
                35.0,
                2.0
              ],
              "uv": [
                12,
                10
              ],
              "inflate": 0
            },
            {
              "origin": [
                7.0,
                29.0,
                2.0
              ],
              "size": [
                1.0,
                1.0,
                6.0
              ],
              "uv": [
                27,
                32
              ],
              "inflate": 0
            },
            {
              "origin": [
                7.0,
                34.0,
                2.0
              ],
              "size": [
                1.0,
                1.0,
                6.0
              ],
              "uv": [
                27,
                32
              ],
              "inflate": 0
            },
            {
              "origin": [
                -8.0,
                34.0,
                2.0
              ],
              "size": [
                1.0,
                1.0,
                6.0
              ],
              "uv": [
                27,
                32
              ],
              "inflate": 0
            },
            {
              "origin": [
                7.0,
                21.0,
                1.0
              ],
              "size": [
                1.0,
                1.0,
                7.0
              ],
              "uv": [
                18,
                32
              ],
              "inflate": 0
            },
            {
              "origin": [
                7.0,
                13.0,
                -1.0
              ],
              "size": [
                1.0,
                1.0,
                9.0
              ],
              "uv": [
                32,
                17
              ],
              "inflate": 0
            },
            {
              "origin": [
                -8.0,
                13.0,
                -1.0
              ],
              "size": [
                1.0,
                1.0,
                9.0
              ],
              "uv": [
                32,
                17
              ],
              "inflate": 0
            },
            {
              "origin": [
                7.0,
                4.0,
                -4.0
              ],
              "size": [
                1.0,
                1.0,
                12.0
              ],
              "uv": [
                18,
                17
              ],
              "inflate": 0
            },
            {
              "origin": [
                -8.0,
                4.0,
                -4.0
              ],
              "size": [
                1.0,
                1.0,
                12.0
              ],
              "uv": [
                18,
                17
              ],
              "inflate": 0
            },
            {
              "origin": [
                -8.0,
                21.0,
                2.0
              ],
              "size": [
                1.0,
                1.0,
                6.0
              ],
              "uv": [
                27,
                32
              ],
              "inflate": 0
            },
            {
              "origin": [
                -8.0,
                21.0,
                -1.0
              ],
              "size": [
                16.0,
                1.0,
                3.0
              ],
              "uv": [
                18,
                10
              ],
              "inflate": 0
            },
            {
              "origin": [
                -8.0,
                29.0,
                2.0
              ],
              "size": [
                16.0,
                1.0,
                2.0
              ],
              "uv": [
                18,
                14
              ],
              "inflate": 0
            },
            {
              "origin": [
                -8.0,
                13.0,
                -4.0
              ],
              "size": [
                16.0,
                1.0,
                3.0
              ],
              "uv": [
                18,
                10
              ],
              "inflate": 0
            },
            {
              "origin": [
                -8.0,
                4.0,
                -7.0
              ],
              "size": [
                16.0,
                1.0,
                3.0
              ],
              "uv": [
                18,
                10
              ],
              "inflate": 0
            },
            {
              "origin": [
                -8.0,
                21.0,
                -2.0
              ],
              "size": [
                16.0,
                1.0,
                1.0
              ],
              "uv": [
                18,
                30
              ],
              "inflate": 0
            },
            {
              "origin": [
                -8.0,
                29.0,
                1.0
              ],
              "size": [
                16.0,
                1.0,
                1.0
              ],
              "uv": [
                18,
                30
              ],
              "inflate": 0
            },
            {
              "origin": [
                -8.0,
                13.0,
                -5.0
              ],
              "size": [
                16.0,
                1.0,
                1.0
              ],
              "uv": [
                18,
                30
              ],
              "inflate": 0
            },
            {
              "origin": [
                -8.0,
                4.0,
                -8.0
              ],
              "size": [
                16.0,
                1.0,
                1.0
              ],
              "uv": [
                18,
                30
              ],
              "inflate": 0
            },
            {
              "origin": [
                -8.0,
                29.0,
                4.0
              ],
              "size": [
                1.0,
                1.0,
                4.0
              ],
              "uv": [
                18,
                17
              ],
              "inflate": 0
            },
            {
              "origin": [
                7.0,
                -4.25454,
                -7.21388
              ],
              "size": [
                1.0,
                38.0,
                2.0
              ],
              "pivot": [
                1.0,
                2.74546,
                3.78612
              ],
              "rotation": [
                -20.0,
                0.0,
                0.0
              ],
              "uv": [
                0,
                10
              ],
              "inflate": 0
            },
            {
              "origin": [
                -8.0,
                -3.97282,
                -6.81156
              ],
              "size": [
                1.0,
                37.0,
                2.0
              ],
              "pivot": [
                -1.0,
                4.02718,
                3.18844
              ],
              "rotation": [
                -20.0,
                0.0,
                0.0
              ],
              "uv": [
                6,
                10
              ],
              "inflate": 0
            },
            {
              "origin": [
                -9.0,
                35.0,
                2.0
              ],
              "size": [
                18.0,
                2.0,
                8.0
              ],
              "uv": [
                0,
                0
              ],
              "inflate": 0
            }
          ],
          "rotation": [
            0,
            -132.5,
            0
          ]
        }
      ]
    }
  ]
}