{
  "format_version": "1.12.0",
  "minecraft:geometry": [
    {
      "description": {
        "identifier": "geometry.da_vintage_mirror",
        "texture_width": 64,
        "texture_height": 64,
        "visible_bounds_width": 3,
        "visible_bounds_height": 3,
        "visible_bounds_offset": [
          0,
          0.5,
          0
        ]
      },
      "bones": [
        {
          "name": "bb_main",
          "pivot": [
            0,
            0,
            0
          ],
          "cubes": [
            {
              "origin": [
                0.0,
                0.0,
                -6.0
              ],
              "size": [
                0.0,
                15.0,
                12.0
              ],
              "uv": [
                0,
                0
              ],
              "inflate": 0
            },
            {
              "origin": [
                -6.0,
                0.0,
                0.0
              ],
              "size": [
                12.0,
                15.0,
                0.0
              ],
              "uv": [
                24,
                0
              ],
              "inflate": 0
            }
          ]
        }
      ]
    }
  ]
}