{
  "format_version": "1.12.0",
  "minecraft:geometry": [
    {
      "description": {
        "identifier": "geometry.da_wooden_clothing_rack",
        "texture_width": 64,
        "texture_height": 64,
        "visible_bounds_width": 3,
        "visible_bounds_height": 3.5,
        "visible_bounds_offset": [
          0,
          1.25,
          0
        ]
      },
      "bones": [
        {
          "name": "body",
          "pivot": [
            0,
            0,
            0
          ],
          "cubes": [
            {
              "origin": [
                7.0,
                1.0,
                0.0
              ],
              "size": [
                1.0,
                32.0,
                1.0
              ],
              "uv": [
                0,
                2
              ],
              "inflate": 0
            },
            {
              "origin": [
                -12.0,
                1.0,
                0.0
              ],
              "size": [
                1.0,
                32.0,
                1.0
              ],
              "uv": [
                0,
                2
              ],
              "inflate": 0
            },
            {
              "origin": [
                -12.0,
                0.0,
                -2.0
              ],
              "size": [
                1.0,
                1.0,
                5.0
              ],
              "uv": [
                4,
                2
              ],
              "inflate": 0
            },
            {
              "origin": [
                7.0,
                0.0,
                -2.0
              ],
              "size": [
                1.0,
                1.0,
                5.0
              ],
              "uv": [
                4,
                2
              ],
              "inflate": 0
            },
            {
              "origin": [
                -11.0,
                32.0,
                0.0
              ],
              "size": [
                18.0,
                1.0,
                1.0
              ],
              "uv": [
                0,
                0
              ],
              "inflate": 0
            },
            {
              "origin": [
                -11.0,
                1.0,
                0.0
              ],
              "size": [
                18.0,
                1.0,
                1.0
              ],
              "uv": [
                0,
                0
              ],
              "inflate": 0
            }
          ]
        }
      ]
    }
  ]
}