{
  "format_version": "1.12.0",
  "minecraft:geometry": [
    {
      "description": {
        "identifier": "geometry.pa_pitcher_vase_yellow",
        "texture_width": 64,
        "texture_height": 64,
        "visible_bounds_width": 3,
        "visible_bounds_height": 2.5,
        "visible_bounds_offset": [
          0,
          0.75,
          0
        ]
      },
      "bones": [
        {
          "name": "group",
          "pivot": [
            10,
            0,
            -6
          ],
          "cubes": [
            {
              "origin": [
                2.0,
                4.51472,
                -5.58479
              ],
              "size": [
                0.0,
                15.0,
                15.0
              ],
              "uv": [
                0,
                0
              ],
              "inflate": 0
            },
            {
              "origin": [
                1.0,
                2.51472,
                -2.58479
              ],
              "size": [
                0.0,
                12.0,
                12.0
              ],
              "pivot": [
                -8.0,
                2.51472,
                4.41521
              ],
              "rotation": [
                0.0,
                0.0,
                -22.5
              ],
              "uv": [
                26,
                18
              ],
              "inflate": 0
            },
            {
              "origin": [
                2.0,
                9.51472,
                -5.58479
              ],
              "size": [
                0.0,
                15.0,
                13.0
              ],
              "pivot": [
                -8.0,
                2.51472,
                4.41521
              ],
              "rotation": [
                0.0,
                0.0,
                22.5
              ],
              "uv": [
                0,
                17
              ],
              "inflate": 0
            },
            {
              "origin": [
                -6.0,
                5.0,
                4.0
              ],
              "size": [
                15.0,
                15.0,
                0.0
              ],
              "uv": [
                0,
                0
              ],
              "inflate": 0
            },
            {
              "origin": [
                -4.0,
                5.0,
                0.0
              ],
              "size": [
                12.0,
                14.0,
                0.0
              ],
              "uv": [
                30,
                0
              ],
              "inflate": 0
            },
            {
              "origin": [
                -1.0,
                5.0,
                5.0
              ],
              "size": [
                6.0,
                2.0,
                1.0
              ],
              "uv": [
                42,
                42
              ],
              "inflate": 0
            },
            {
              "origin": [
                -1.0,
                5.0,
                -2.0
              ],
              "size": [
                6.0,
                2.0,
                1.0
              ],
              "uv": [
                42,
                25
              ],
              "inflate": 0
            },
            {
              "origin": [
                0.0,
                2.0,
                5.0
              ],
              "size": [
                4.0,
                2.0,
                1.0
              ],
              "uv": [
                28,
                42
              ],
              "inflate": 0
            },
            {
              "origin": [
                -2.0,
                5.0,
                -1.0
              ],
              "size": [
                1.0,
                2.0,
                6.0
              ],
              "uv": [
                34,
                42
              ],
              "inflate": 0
            },
            {
              "origin": [
                5.0,
                5.0,
                -1.0
              ],
              "size": [
                1.0,
                2.0,
                6.0
              ],
              "uv": [
                20,
                42
              ],
              "inflate": 0
            },
            {
              "origin": [
                -1.0,
                1.0,
                -1.0
              ],
              "size": [
                6.0,
                5.0,
                6.0
              ],
              "uv": [
                30,
                14
              ],
              "inflate": 0
            },
            {
              "origin": [
                0.0,
                0.0,
                0.0
              ],
              "size": [
                4.0,
                1.0,
                4.0
              ],
              "uv": [
                30,
                25
              ],
              "inflate": 0
            },
            {
              "origin": [
                -3.0,
                5.0,
                2.0
              ],
              "size": [
                1.0,
                1.0,
                1.0
              ],
              "uv": [
                46,
                28
              ],
              "inflate": 0
            },
            {
              "origin": [
                -2.0,
                4.0,
                2.0
              ],
              "size": [
                1.0,
                1.0,
                1.0
              ],
              "uv": [
                42,
                45
              ],
              "inflate": 0
            },
            {
              "origin": [
                -6.0,
                4.0,
                2.0
              ],
              "size": [
                1.0,
                2.0,
                1.0
              ],
              "uv": [
                20,
                45
              ],
              "inflate": 0
            },
            {
              "origin": [
                -5.0,
                2.0,
                2.0
              ],
              "size": [
                1.0,
                2.0,
                1.0
              ],
              "uv": [
                16,
                45
              ],
              "inflate": 0
            },
            {
              "origin": [
                -4.0,
                1.0,
                2.0
              ],
              "size": [
                3.0,
                1.0,
                1.0
              ],
              "uv": [
                8,
                45
              ],
              "inflate": 0
            },
            {
              "origin": [
                5.0,
                4.0,
                2.0
              ],
              "size": [
                3.0,
                2.0,
                1.0
              ],
              "uv": [
                0,
                45
              ],
              "inflate": 0
            },
            {
              "origin": [
                8.0,
                6.0,
                2.0
              ],
              "size": [
                1.0,
                3.0,
                1.0
              ],
              "uv": [
                30,
                25
              ],
              "inflate": 0
            },
            {
              "origin": [
                9.0,
                8.0,
                2.0
              ],
              "size": [
                1.0,
                1.0,
                1.0
              ],
              "uv": [
                36,
                45
              ],
              "inflate": 0
            },
            {
              "origin": [
                7.0,
                6.0,
                2.0
              ],
              "size": [
                1.0,
                1.0,
                1.0
              ],
              "uv": [
                32,
                45
              ],
              "inflate": 0
            },
            {
              "origin": [
                5.0,
                2.0,
                2.0
              ],
              "size": [
                2.0,
                2.0,
                1.0
              ],
              "uv": [
                30,
                14
              ],
              "inflate": 0
            },
            {
              "origin": [
                5.0,
                1.0,
                2.0
              ],
              "size": [
                1.0,
                1.0,
                1.0
              ],
              "uv": [
                28,
                45
              ],
              "inflate": 0
            },
            {
              "origin": [
                -5.0,
                6.0,
                2.0
              ],
              "size": [
                2.0,
                1.0,
                1.0
              ],
              "uv": [
                30,
                17
              ],
              "inflate": 0
            }
          ],
          "rotation": [
            0,
            -17.5,
            0
          ]
        }
      ]
    }
  ]
}